rank,code,name,industry,pb_sel,pb_now,mcap_yi,ret_sel_pct,mom20_pct,mom60_pct,mom120_pct,px_vs_ma60_pct,px_vs_ma20_pct,dist_hi52w_pct,dist_lo52w_pct,avg_amt20d_yi,fin_period,fin_quarter,netprofit_yoy_pct,revenue_yoy_pct,roe_pct,netmargin_pct,debt_assets_pct,netprofit_yi,div_yield_pct,div_count
1,600782,新钢股份,钢铁行业,0.36,0.36,89.2,-0.36,0.72,8.11,-28.3,2.87,0.83,-32.41,12.9,1.08,2026-06-30,2,-652.6,-8.0,-2.36,-3.77,43.0,-6.07,4.82,1
2,002110,三钢闽光,钢铁行业,0.39,0.39,73.8,-0.65,-2.88,3.4,-30.91,1.0,0.73,-37.83,7.04,0.73,2026-06-30,2,-239.2,4.1,-0.99,-0.83,62.5,-1.92,0.33,1
3,600248,陕建股份,工程建设,0.39,0.39,107.7,0.0,2.11,-2.03,-22.46,1.05,0.29,-27.86,8.61,0.55,2026-06-30,2,-78.6,-24.3,0.82,0.52,89.2,2.26,0.69,1
4,000498,山东路桥,工程建设,0.43,0.43,77.2,0.81,0.4,2.81,-18.44,0.99,0.18,-20.91,9.38,0.44,2026-06-30,2,-28.9,-11.3,3.15,2.88,76.3,7.31,4.47,3
5,300070,碧水源,环保行业,0.46,0.46,125.0,-0.86,-1.43,-1.15,-18.82,0.57,-0.46,-27.82,8.15,0.98,2026-06-30,2,128.5,-4.6,0.11,1.09,62.8,0.3,0.12,1
6,600649,城投控股,房地产开发,0.46,0.49,101.2,5.18,11.85,11.54,-16.8,10.09,5.19,-28.01,17.68,1.62,2026-06-30,2,-133.8,-52.1,-0.25,-1.82,73.3,-0.52,0.99,1
7,600269,赣粤高速,铁路公路,0.47,0.48,91.6,1.82,0.51,-5.08,-21.6,-1.76,2.44,-29.5,4.53,0.79,2026-06-30,2,-72.8,-13.7,1.06,7.81,44.4,2.08,4.34,1
8,600682,南京新百,商业百货,0.47,0.46,75.5,-1.06,-0.53,-3.94,-21.87,0.05,-2.43,-39.42,8.93,0.96,2026-06-30,2,-78.4,-10.0,0.22,1.24,27.9,0.36,,0
9,600266,城建发展,房地产开发,0.49,0.5,89.3,1.9,6.7,-1.6,-20.52,4.08,1.44,-39.86,11.11,2.27,2026-06-30,2,-111.3,-20.7,-0.74,-0.68,78.9,-0.69,1.16,1
10,600657,信达地产,房地产开发,0.52,0.68,99.8,30.6,36.19,28.68,7.69,36.68,28.18,-20.27,52.84,1.54,2026-06-30,2,64.2,-27.8,-8.62,-102.84,75.9,-13.2,,0
11,600373,中文传媒,文化传媒,0.55,0.56,100.0,1.92,3.06,-2.89,-15.59,3.89,3.4,-35.26,11.92,0.87,2026-06-30,2,-0.7,-12.4,1.61,9.34,37.4,2.89,2.7,1
12,000778,新兴铸管,钢铁行业,0.56,0.56,147.0,0.82,-1.07,-7.25,-25.35,-1.93,-0.01,-29.73,2.77,1.68,2026-06-30,2,-8.0,19.2,1.41,1.76,42.6,3.72,2.02,1
13,600739,辽宁成大,贸易行业,0.57,0.56,166.2,-1.71,1.68,11.89,-9.15,3.65,0.59,-17.21,11.89,1.81,2026-06-30,2,125.8,-13.6,5.49,36.72,34.5,16.2,1.37,1
14,600859,王府井,商业百货,0.57,0.59,113.9,2.74,0.5,-0.49,-23.14,2.54,1.4,-38.31,10.35,1.44,2026-06-30,2,-33.2,-7.0,0.28,1.09,48.5,0.54,,0
15,002061,浙江交科,工程建设,0.58,0.58,91.7,-0.29,-1.14,-3.07,-15.98,-1.52,-0.94,-18.74,5.15,0.58,2026-06-30,2,-19.0,-3.0,2.75,2.44,75.4,4.41,3.17,1
16,600528,中铁工业,交运设备,0.6,0.61,154.6,0.43,-1.28,1.75,-19.35,0.21,-0.46,-23.35,7.08,0.62,2026-06-30,2,-10.7,-10.6,2.18,5.06,54.6,6.15,1.3,1
17,600017,日照港,航运港口,0.61,0.62,87.7,0.71,6.34,9.37,-11.88,5.81,3.75,-12.42,14.0,1.1,2026-06-30,2,-7.2,4.1,2.36,8.71,61.0,3.33,2.54,2
18,600717,天津港,航运港口,0.61,0.62,126.2,1.63,3.07,-0.55,-6.96,2.83,1.8,-19.07,12.08,0.84,2026-06-30,2,34.5,-13.2,3.33,12.63,24.5,6.77,2.34,1
19,000990,诚志股份,化学原料,0.63,0.61,110.1,-3.58,-3.86,-26.98,-35.69,-17.46,-1.98,-50.87,2.54,3.24,2026-06-30,2,1416.2,2.8,1.63,4.72,30.9,2.9,,0
20,600502,安徽建工,工程建设,0.64,0.64,76.6,0.0,-1.98,0.13,-7.49,-1.72,-0.84,-23.31,4.27,1.24,2026-06-30,2,2.1,1.7,2.73,1.84,85.1,5.64,6.05,2
21,000028,国药一致,医药商业,0.65,0.65,123.6,1.41,-0.64,2.37,-12.37,-0.27,0.74,-15.83,6.77,0.68,2026-06-30,2,-9.0,-1.4,3.21,1.67,54.5,6.06,3.05,1
22,600643,爱建集团,多元金融,0.66,0.68,66.4,2.46,6.38,6.92,-9.54,4.86,3.27,-34.23,12.4,0.64,2026-06-30,2,-81.0,-31.7,0.27,4.47,54.6,0.27,,0
23,600064,南京高科,房地产开发,0.67,0.67,132.7,0.13,0.39,5.5,-13.72,1.65,0.39,-16.81,7.57,1.2,2026-06-30,2,-9.1,-28.2,6.38,89.27,47.1,12.56,4.17,1
24,600335,国机汽车,汽车服务,0.67,0.66,77.1,-1.71,1.57,-0.19,-18.81,1.77,0.76,-26.52,10.68,0.91,2026-06-30,2,21.1,-8.7,2.21,1.68,68.4,2.58,2.16,2
25,600827,百联股份,商业百货,0.67,0.68,139.9,1.95,2.22,-0.63,-9.57,1.29,1.86,-22.53,5.8,1.02,2026-06-30,2,191.6,-9.1,4.44,7.57,58.0,9.13,1.91,1
26,600155,华创云信,证券,0.68,0.67,136.0,0.0,5.41,19.81,-8.38,7.96,3.64,-22.22,19.81,1.74,2026-06-30,2,202.7,33.9,1.19,13.57,69.7,2.39,,0
27,600740,山西焦化,煤炭行业,0.68,0.66,99.4,-3.0,9.6,6.82,-22.06,8.82,3.34,-24.48,21.63,1.94,2026-06-30,2,81.2,-3.8,-0.1,-0.47,39.8,-0.15,0.64,1
28,600997,开滦股份,煤炭行业,0.69,0.65,87.5,-6.13,1.85,4.95,-19.5,3.2,-1.4,-26.02,16.0,0.78,2026-06-30,2,-138.3,7.2,-1.02,-1.46,43.7,-1.38,0.36,1
29,600123,兰花科创,煤炭行业,0.71,0.68,103.9,-4.6,0.86,5.07,-2.22,7.07,-2.68,-4.6,32.02,1.84,2026-06-30,2,44.6,18.3,0.55,1.73,60.4,0.83,,0
30,002010,传化智联,物流行业,0.72,0.7,126.6,-2.97,-4.98,-2.56,-26.25,-2.31,-2.74,-34.67,2.92,0.76,2026-06-30,2,-11.9,-35.5,2.48,5.67,50.6,4.48,3.28,2
31,600639,浦东金桥,房地产开发,0.72,0.73,107.5,1.16,1.38,-0.62,-12.75,0.97,0.87,-16.91,5.62,0.4,2026-06-30,2,-30.0,11.2,0.81,11.48,60.1,1.23,4.18,1
32,600787,中储股份,物流行业,0.72,0.72,99.6,-0.22,0.0,4.62,-20.2,1.6,-0.07,-25.98,10.6,0.73,2026-06-30,2,-54.8,25.8,1.34,0.51,38.7,1.87,2.46,1
33,002233,塔牌集团,水泥建材,0.73,0.71,83.3,-2.21,-4.32,-5.34,-22.61,-3.41,-1.32,-26.23,1.72,0.77,2026-06-30,2,-49.6,-15.3,1.84,12.6,9.4,2.19,6.77,1
34,601333,广深铁路,铁路公路,0.74,0.77,221.7,2.96,5.74,6.73,2.25,5.77,4.95,-8.67,13.82,2.03,2026-06-30,2,7.3,5.9,4.16,8.05,22.3,11.9,2.88,1
35,002101,广东鸿图,汽车零部件,0.75,0.74,57.9,-1.47,-0.11,4.18,-26.39,-1.68,-0.17,-40.81,4.93,0.37,2026-06-30,2,-65.1,-2.0,0.5,0.95,43.3,0.4,2.89,1
36,600022,山东钢铁,钢铁行业,0.75,0.75,143.4,0.0,-0.74,4.69,-22.99,1.34,0.26,-24.29,8.94,1.03,2026-06-30,2,14.3,-8.2,-0.16,-0.09,64.4,-0.3,,0
37,600033,福建高速,铁路公路,0.77,0.8,99.9,3.41,2.82,4.3,-5.21,3.65,2.71,-23.83,13.04,0.88,2026-06-30,2,-6.8,-2.9,4.09,35.3,15.3,5.09,3.32,2
38,600037,歌华有线,文化传媒,0.77,0.76,98.3,-1.12,1.44,9.39,-9.26,4.6,0.61,-26.2,14.24,1.1,2026-06-30,2,2301.6,44.5,1.67,15.83,17.8,2.13,0.71,1
39,601222,林洋能源,仪器仪表,0.77,0.78,121.0,1.72,5.89,-2.15,-11.62,5.28,4.48,-13.3,11.47,1.54,2026-06-30,2,31.7,82.4,2.77,9.43,32.4,4.27,1.48,1
40,000885,城发环境,环保行业,0.8,0.8,78.1,0.08,-5.44,-4.18,-13.84,-3.19,-2.57,-21.82,1.08,0.54,2026-06-30,2,-3.1,1.7,5.86,17.45,66.4,5.71,3.17,1
41,000950,重药控股,医药商业,0.8,0.78,91.1,-2.03,-2.03,3.3,-7.48,-1.36,-5.12,-25.18,7.91,2.72,2026-06-30,2,-9.9,-2.6,2.18,0.63,75.5,2.54,1.13,2
42,002091,江苏国泰,贸易行业,0.8,0.8,125.5,-0.13,1.18,2.8,-16.01,1.39,-0.51,-24.26,8.59,0.87,2026-06-30,2,-13.9,6.5,2.85,2.37,50.4,4.69,6.1,2
43,600328,中盐化工,化学原料,0.8,0.8,93.7,-0.47,1.11,-2.17,-36.78,1.27,0.5,-38.83,9.42,0.97,2026-06-30,2,-616.4,-18.5,-2.3,-5.57,36.6,-2.72,0.4,1
44,600963,岳阳林纸,造纸印刷,0.8,0.79,60.3,-0.58,3.63,-1.72,-38.42,4.61,0.91,-47.79,16.27,1.02,2026-06-30,2,-106.8,-11.7,-0.13,-0.25,62.0,-0.1,,0
45,601200,上海环境,环保行业,0.8,0.79,93.7,-0.57,-0.29,-3.47,-22.41,-0.18,-0.33,-23.52,5.45,0.44,2026-06-30,2,-8.8,-10.1,2.59,11.49,55.4,3.06,1.94,1
46,300284,苏交科,工程咨询服务,0.81,0.79,65.7,-1.89,-3.53,-7.8,-27.73,-2.37,-2.56,-46.91,4.0,0.81,2026-06-30,2,-16.6,-0.6,0.95,4.51,42.9,0.8,1.83,2
47,000563,陕国投Ａ,多元金融,0.82,0.82,155.5,0.33,1.67,7.04,-13.39,2.27,1.01,-20.31,10.14,1.25,2026-06-30,2,0.3,2.9,3.85,51.78,26.2,7.28,2.96,3
48,000690,宝新能源,电力行业,0.82,0.83,107.7,1.02,3.13,-3.51,4.42,1.93,2.17,-20.03,24.05,2.55,2026-06-30,2,13.3,-4.2,4.86,15.17,42.0,6.33,5.05,2
49,600623,华谊集团,化学原料,0.82,0.81,182.3,-1.83,3.49,2.75,-25.93,3.29,2.1,-28.33,18.95,1.23,2026-06-30,2,0.6,1.8,2.17,2.0,57.1,4.9,1.28,1
50,000030,富奥股份,汽车零部件,0.83,0.83,69.7,0.5,-4.93,-2.17,-22.26,-2.52,-3.98,-32.61,4.65,0.41,2026-06-30,2,-38.2,-7.6,2.22,2.59,46.7,1.88,3.7,1
51,002212,天融信,软件开发,0.83,0.85,78.4,2.15,-2.21,10.28,-21.39,8.23,1.99,-48.81,26.19,4.34,2026-06-30,2,-321.8,-34.0,-2.88,-50.03,15.6,-2.73,,0
52,600420,国药现代,化学制药,0.83,0.83,113.9,-0.24,-2.41,-0.59,-20.81,-1.47,-1.5,-24.46,9.13,0.81,2026-06-30,2,-59.0,-19.2,1.99,6.99,17.8,2.76,3.53,2
53,601778,晶科科技,电力行业,0.83,0.81,133.3,-2.19,-7.73,-25.84,-37.86,-8.4,-3.43,-52.08,10.57,3.82,2026-06-30,2,-252.8,-33.9,-1.17,-13.36,59.4,-1.87,0.79,1
54,001914,招商积余,房地产服务,0.85,0.88,96.7,3.73,5.4,-2.24,-14.68,4.49,4.18,-29.44,12.5,0.82,2026-06-30,2,0.2,6.6,4.55,5.1,46.1,4.98,2.83,1
55,002060,广东建工,工程建设,0.86,0.85,119.4,-1.85,-3.93,-0.93,-21.1,-1.24,-1.64,-23.38,4.95,0.49,2026-06-30,2,-48.3,-13.2,1.26,0.71,89.2,1.81,4.4,1
56,601801,皖新传媒,文化传媒,0.86,0.86,102.6,0.38,-4.38,-1.69,-22.83,-0.83,-2.23,-26.92,6.29,0.71,2026-06-30,2,-27.5,-15.5,4.07,12.66,38.4,4.91,5.73,2
57,000581,威孚高科,汽车零部件,0.87,0.87,174.9,0.06,4.21,3.43,-24.12,3.16,2.22,-28.78,8.19,1.4,2026-06-30,2,19.2,14.2,4.2,12.72,32.1,8.36,4.42,2
58,000685,中山公用,公用事业,0.87,0.87,167.8,0.09,3.53,11.51,-2.64,2.61,2.03,-20.74,19.94,1.53,2026-06-30,2,104.0,2.4,7.64,67.54,48.3,14.68,3.37,1
59,000156,华数传媒,文化传媒,0.88,0.87,130.8,-0.84,3.67,11.53,-11.53,4.96,2.67,-28.18,11.89,0.64,2026-06-30,2,-17.3,-4.4,1.39,4.96,46.8,2.1,2.27,1
60,002004,华邦健康,化学制药,0.88,0.87,88.1,-0.89,0.45,3.46,-17.31,2.64,-1.35,-20.98,13.23,1.29,2026-06-30,2,-17.8,-0.6,3.11,5.4,42.0,3.19,10.11,2
61,002727,一心堂,医药商业,0.88,0.89,65.9,0.99,-0.88,3.97,-13.41,1.11,-3.51,-24.37,17.41,1.54,2026-06-30,2,2.9,-5.0,3.46,3.03,50.3,2.57,3.55,2
62,601311,骆驼股份,电池,0.88,0.91,89.9,2.54,-2.67,-2.79,-22.15,-2.08,-0.09,-33.33,4.22,0.95,2026-06-30,2,-47.4,-4.4,2.76,3.66,36.8,2.79,4.7,1
63,000552,甘肃能化,煤炭行业,0.89,0.83,137.0,-6.91,0.79,0.39,-2.29,1.59,-1.63,-12.63,14.29,2.08,2026-06-30,2,190.7,24.7,1.05,3.71,53.2,1.74,,0
64,600094,大名城,房地产开发,0.89,0.9,92.3,1.28,-10.99,2.85,-9.36,0.67,-2.26,-31.43,22.53,0.9,2026-06-30,2,-70.0,-52.2,0.1,1.32,32.7,0.1,,0
65,600757,长江传媒,文化传媒,0.89,0.89,89.0,0.0,-5.42,-3.33,-15.5,-3.88,-2.92,-18.62,1.81,0.81,2026-06-30,2,-29.5,-16.7,4.67,16.33,27.1,4.83,5.59,1
66,603567,珍宝岛,中药,0.89,0.86,51.9,-2.65,-22.03,-7.23,-27.37,-2.49,-9.16,-56.5,28.97,3.63,2026-06-30,2,-246.1,-58.6,-4.41,-91.75,41.1,-2.71,,0
67,000012,南 玻Ａ,玻璃玻纤,0.9,0.9,113.2,-0.27,-3.38,-8.82,-23.61,-8.79,-1.43,-29.14,2.2,0.72,2026-06-30,2,-665.1,-5.6,-3.26,-6.88,58.3,-4.21,0.54,1
68,000930,中粮科技,农牧饲渔,0.9,0.93,95.6,3.62,9.34,6.19,-35.3,9.52,4.94,-35.3,21.18,1.51,2026-06-30,2,-257.9,-7.0,-1.62,-2.07,40.7,-1.69,0.58,1
69,600273,嘉化能源,化学制品,0.9,0.88,88.1,-1.61,-1.9,-3.17,-32.49,-0.73,-0.74,-42.93,5.0,1.08,2026-06-30,2,-62.3,0.6,2.15,4.35,29.0,2.19,6.7,2
70,603599,广信股份,农药兽药,0.9,0.96,98.0,7.16,2.87,3.26,-31.71,5.05,5.16,-34.29,13.61,1.52,2026-06-30,2,1.8,-14.4,3.52,22.08,30.3,3.57,2.04,1
71,000059,华锦股份,石油行业,0.92,0.91,92.0,-0.52,25.27,35.93,-5.12,26.47,13.78,-13.79,53.33,3.55,2026-06-30,2,136.9,-12.9,3.7,2.09,56.8,3.65,,0
72,000543,皖能电力,电力行业,0.92,0.94,167.8,2.07,-5.73,-14.25,-16.76,-4.94,-1.44,-24.64,5.11,1.46,2026-06-30,2,-26.8,-12.9,4.43,6.91,64.0,8.25,5.12,1
73,002051,中工国际,工程建设,0.92,0.91,104.7,-0.47,-7.38,-26.32,-6.05,-11.06,-1.33,-36.84,7.28,1.83,2026-06-30,2,-26.4,5.4,1.12,2.58,52.6,1.3,1.29,1
74,600864,哈投股份,证券,0.92,0.92,120.3,-0.52,7.24,14.68,-10.53,6.26,3.62,-29.6,14.68,2.5,2026-06-30,2,6.3,6.6,3.08,42.02,70.2,4.04,0.88,1
75,000686,东北证券,证券,0.93,0.93,189.8,-0.37,0.62,9.59,-4.14,-0.51,1.1,-21.11,9.59,1.51,2026-06-30,2,77.5,29.4,3.75,28.87,83.9,7.64,3.08,2
76,000928,中钢国际,工程咨询服务,0.93,0.92,77.9,-1.09,7.1,-0.18,-21.76,5.12,5.16,-22.76,13.13,0.8,2026-06-30,2,-6.2,-1.1,4.65,5.97,66.5,3.98,3.87,1
77,600075,新疆天业,化学原料,0.93,0.95,84.7,2.27,9.25,6.21,-36.08,10.46,5.94,-36.41,22.77,1.06,2026-06-30,2,359.2,-3.6,0.24,0.45,56.0,0.22,,0
78,600508,上海能源,煤炭行业,0.93,0.88,113.5,-5.4,31.07,24.9,15.85,26.34,11.74,-7.81,52.24,4.96,2026-06-30,2,38.0,27.2,2.23,6.37,41.7,2.83,2.67,2
79,002221,东华能源,石油行业,0.94,0.93,91.9,-1.35,4.86,-1.69,-38.18,4.71,3.47,-41.76,12.77,1.3,2026-06-30,2,224.4,-23.7,2.18,1.73,73.1,2.15,,0
80,600971,恒源煤电,煤炭行业,0.94,0.91,107.3,-2.72,9.56,15.21,16.23,13.0,3.13,-2.72,48.08,2.01,2026-06-30,2,224.8,44.8,1.36,4.68,51.4,1.61,2.8,1
81,603218,日月股份,风电设备,0.94,0.94,95.2,-0.43,-7.88,-13.08,-44.5,-6.98,-4.45,-44.5,0.0,0.58,2026-06-30,2,-42.8,-20.8,1.55,6.35,25.2,1.62,4.11,1
82,002073,软控股份,专用设备,0.95,0.93,59.9,-2.17,4.09,9.35,-24.9,5.41,0.72,-37.1,14.93,1.15,2026-06-30,2,-7.0,13.1,2.12,3.1,67.6,1.36,1.2,2
83,600866,星湖科技,化学制品,0.95,0.95,72.8,0.0,-1.13,-5.6,-45.59,-4.05,0.44,-47.79,3.55,0.97,2026-06-30,2,-91.5,0.4,0.87,0.86,57.7,0.71,8.68,1
84,601326,秦港股份,航运港口,0.95,0.96,200.0,1.7,5.6,5.29,-1.65,5.52,4.16,-9.37,13.29,0.79,2026-06-30,2,2.9,5.4,4.85,27.93,22.7,10.16,3.21,1
85,300443,金雷股份,风电设备,0.97,0.93,59.6,-4.17,-11.75,-14.51,-43.18,-9.5,-5.51,-43.92,0.43,0.8,2026-06-30,2,-24.0,8.9,2.24,11.36,8.6,1.43,1.07,2
86,600587,新华医疗,医疗器械,0.97,0.97,76.9,-0.08,-0.94,1.56,-16.65,1.25,0.38,-24.38,10.14,0.8,2026-06-30,2,-26.0,7.7,3.68,5.53,45.2,2.85,2.76,2
87,600675,中华企业,房地产开发,0.97,0.99,140.3,2.2,4.98,-1.69,-16.85,4.65,2.02,-28.4,12.62,0.94,2026-06-30,2,-157.4,-42.9,-2.09,-7.83,65.2,-2.99,0.25,1
88,600507,方大特钢,钢铁行业,0.99,0.99,98.5,0.24,-2.52,0.71,-34.69,0.53,0.15,-38.49,7.58,1.05,2026-06-30,2,-48.6,-7.6,2.06,2.59,61.3,2.08,4.69,1
89,600597,光明乳业,食品饮料,0.99,1.0,97.3,1.15,5.06,6.81,-10.97,5.66,3.31,-20.32,16.31,0.79,2026-06-30,2,15.3,-4.8,2.64,2.11,44.1,2.51,,0
90,300294,博雅生物,生物制品,1.0,0.98,73.0,-1.5,-7.24,-13.82,-30.36,-4.97,-4.23,-46.66,1.97,1.14,2026-06-30,2,-77.3,-36.1,0.69,7.95,10.1,0.51,1.54,2
91,600120,浙江东方,多元金融,1.0,1.0,168.0,0.41,-3.91,12.33,-19.32,1.54,-0.4,-32.91,14.42,1.67,2026-06-30,2,115.5,9.3,5.17,183.54,68.9,8.77,1.71,2
92,000875,电投绿能,电力行业,1.01,1.0,176.3,-1.62,-6.18,-17.77,-39.1,-5.92,-2.94,-39.33,1.89,1.68,2026-06-30,2,-44.3,-2.4,2.31,6.31,69.2,4.04,1.17,3
93,000719,中原传媒,文化传媒,1.02,1.06,127.6,3.83,2.8,6.95,2.05,5.0,3.21,-9.9,17.53,0.58,2026-06-30,2,-4.9,-7.8,4.15,11.99,38.1,5.06,5.29,1
94,000828,东莞控股,铁路公路,1.02,1.01,104.7,-1.47,1.31,2.97,-4.91,2.2,1.2,-15.24,7.59,0.73,2026-06-30,2,3.4,-8.5,5.32,78.58,33.2,5.5,4.72,2
95,600133,东湖高新,环保行业,1.02,1.01,89.9,-1.29,-0.71,8.35,-12.46,3.83,0.17,-23.92,16.44,1.39,2026-06-30,2,-132.8,-15.4,-0.18,-1.79,49.3,-0.16,1.97,1
96,601908,京运通,光伏设备,1.02,1.0,71.7,-1.66,-4.81,-11.08,-28.78,-2.9,-2.53,-40.95,3.48,1.14,2026-06-30,2,-83.3,-43.5,-5.28,-45.1,56.4,-3.89,,0
97,601949,中国出版,文化传媒,1.02,1.12,111.0,9.79,10.42,15.9,-11.4,13.98,10.82,-25.26,25.38,0.77,2026-06-30,2,-88.4,-8.6,0.15,0.8,32.2,0.15,1.75,1
98,000966,长源电力,电力行业,1.03,1.03,139.9,0.0,-3.83,-14.65,-18.79,-3.45,-1.37,-31.52,8.36,1.45,2026-06-30,2,82.4,3.7,1.29,2.52,65.9,1.73,,0
99,000917,电广传媒,文化传媒,1.04,1.0,102.6,-3.85,0.84,8.87,-27.38,4.3,0.62,-45.44,15.65,3.07,2026-06-30,2,-236.7,12.7,-0.54,-2.51,33.6,-0.56,0.41,1
100,600116,三峡水利,电力行业,1.04,1.04,120.1,0.16,-1.88,1.45,-10.16,1.13,-1.29,-13.14,12.14,0.92,2026-06-30,2,688.6,3.5,3.29,7.46,52.0,3.78,1.99,2
101,601677,明泰铝业,有色金属,1.04,1.02,207.0,-2.0,-1.42,1.0,1.91,1.24,-0.75,-14.38,29.83,4.2,2026-06-30,2,49.6,24.2,7.09,6.66,31.7,14.07,1.89,2
102,000065,北方国际,工程建设,1.05,1.02,113.7,-2.49,7.46,-9.27,-28.23,0.31,2.89,-38.97,13.97,2.57,2026-06-30,2,5.6,-19.4,2.92,6.01,54.6,3.26,1.4,1
103,000035,中国天楹,环保行业,1.06,1.07,115.3,0.63,0.96,-2.7,-39.28,1.69,2.46,-41.55,11.7,1.33,2026-06-30,2,1.1,3.5,1.98,7.94,66.5,2.13,0.75,1
104,301039,中集车辆,汽车整车,1.06,1.04,147.1,-1.63,-1.38,2.35,-15.68,3.05,-1.92,-25.87,15.44,1.17,2026-06-30,2,-17.0,10.1,2.28,3.11,38.4,3.34,4.46,2
105,600729,重百集团,商业百货,1.07,1.08,86.0,1.56,0.88,1.36,-13.62,1.64,0.66,-32.73,9.24,0.73,2026-06-30,2,-42.3,-5.7,5.53,5.88,59.0,4.46,4.87,2
106,603299,苏盐井神,化学原料,1.07,1.06,85.3,-0.56,-1.65,-6.63,-25.03,-2.44,-0.52,-25.82,2.29,0.52,2026-06-30,2,-49.2,-7.1,2.44,7.98,40.3,1.75,2.82,1
107,002705,新宝股份,家电行业,1.08,1.08,90.5,-0.45,-7.55,-4.32,-18.15,-2.38,-2.17,-39.58,3.53,0.59,2026-06-30,2,-74.9,-4.9,1.58,1.84,45.0,1.36,4.04,2
108,601107,四川成渝,铁路公路,1.08,1.05,177.1,-2.69,4.7,4.91,-4.17,4.86,1.78,-7.37,18.65,0.55,2026-06-30,2,1.9,12.7,4.6,18.19,67.4,8.99,5.13,1
109,600167,联美控股,公用事业,1.09,1.13,131.2,3.94,0.35,0.35,-14.2,1.19,1.92,-45.08,8.41,0.44,2026-06-30,2,-36.4,-8.6,2.86,19.23,20.6,3.34,2.59,1
110,600216,浙江医药,化学制药,1.09,1.07,121.9,-1.93,3.34,10.64,-27.46,3.13,-3.46,-29.95,15.16,5.49,2026-06-30,2,-10.0,1.5,5.37,13.82,18.5,6.06,2.21,1
111,600258,首旅酒店,旅游酒店,1.09,1.11,133.4,1.7,0.17,-0.8,-26.99,0.5,-1.37,-31.01,9.43,2.09,2026-06-30,2,11.0,-2.2,3.59,12.31,48.9,4.41,3.77,1
112,600409,三友化工,化学原料,1.1,1.06,148.0,-3.5,5.91,20.69,-17.0,10.38,2.98,-21.54,33.99,2.19,2026-06-30,2,129.2,2.5,1.2,1.71,43.0,1.68,0.42,1
113,601003,柳钢股份,钢铁行业,1.1,1.08,99.3,-1.82,0.53,6.2,-30.88,3.47,0.45,-35.92,13.21,0.85,2026-06-30,2,-79.3,-5.0,0.82,0.23,63.0,0.76,2.65,1
114,000089,深圳机场,航空机场,1.11,1.13,136.2,1.68,2.31,7.62,-5.28,2.98,1.74,-8.79,10.12,0.94,2026-06-30,2,136.0,6.1,6.17,27.46,49.7,7.37,2.41,1
115,000600,建投能源,电力行业,1.11,0.96,134.5,-1.45,-14.65,-25.92,-25.18,-13.32,-6.86,-40.65,11.18,1.93,2026-06-30,2,-13.4,-7.9,6.28,7.59,58.9,7.77,4.29,2
116,002373,千方科技,互联网服务,1.11,1.07,122.5,-3.37,-1.02,7.34,-26.46,2.63,0.19,-42.5,11.99,1.27,2026-06-30,2,-112.3,-0.8,-0.18,-0.64,33.7,-0.21,0.67,2
117,000923,河钢资源,钢铁行业,1.12,1.1,106.5,-2.57,10.8,22.45,-18.94,13.86,3.88,-36.83,33.36,2.81,2026-06-30,2,-149.2,-24.8,-1.26,-6.08,25.1,-1.29,3.68,1
118,600325,华发股份,房地产开发,1.12,1.23,72.4,9.13,6.91,1.54,-34.9,8.14,8.3,-53.94,16.89,2.2,2026-06-30,2,-2225.7,-50.2,-47.64,-19.2,68.7,-36.54,0.76,1
119,600575,淮河能源,电力行业,1.12,1.11,235.8,-0.9,-2.37,-12.27,-12.31,-2.04,-1.39,-21.12,6.82,1.36,2026-06-30,2,-36.6,9.1,2.38,2.8,52.9,5.3,5.78,1
120,002053,云南能投,综合行业,1.13,1.14,86.8,1.18,-2.18,-9.41,-24.62,-0.9,0.48,-36.54,8.52,0.7,2026-06-30,2,-1.3,-24.5,4.07,25.52,54.3,3.07,1.38,1
121,002701,奥瑞金,包装材料,1.13,1.15,116.5,2.02,-5.99,1.34,-13.5,-2.36,-3.42,-28.68,6.81,1.14,2026-06-30,2,-15.5,18.4,7.59,5.5,65.9,7.63,2.64,1
122,688063,派能科技,电池,1.13,1.1,102.5,-2.75,-7.49,-21.93,-46.7,-11.18,-5.17,-49.89,2.55,2.23,2026-06-30,2,469.9,130.1,0.86,3.0,36.7,0.79,0.3,1
123,688232,新点软件,软件开发,1.13,1.13,59.0,0.0,-4.83,-0.54,-24.31,0.21,-0.72,-44.4,8.27,0.38,2026-06-30,2,-1.6,-14.6,-1.18,-11.04,16.1,-0.63,0.55,1
124,002572,索菲亚,装修建材,1.14,1.15,76.8,0.89,-2.09,-5.9,-35.36,-1.16,-1.94,-44.27,9.18,0.92,2026-06-30,2,-80.6,-25.8,0.85,1.83,43.2,0.62,10.04,1
125,600056,中国医药,医药商业,1.14,1.13,135.5,-0.98,-3.62,2.21,-13.71,-2.25,-3.02,-24.05,5.59,1.62,2026-06-30,2,-15.3,-0.7,2.08,1.47,62.7,2.49,1.05,2
126,600718,东软集团,互联网服务,1.14,1.12,97.2,-2.05,-1.93,5.05,-13.34,1.99,-0.98,-33.17,13.25,0.71,2026-06-30,2,-611.2,-6.3,-3.27,-6.57,53.8,-2.89,,0
127,601921,浙版传媒,文化传媒,1.14,1.15,167.3,0.67,5.31,2.38,-1.64,4.62,1.52,-12.41,12.56,0.77,2026-06-30,2,-4.5,-9.5,4.39,14.02,32.0,6.46,4.25,2
128,000860,顺鑫农业,酿酒行业,1.15,1.2,81.8,4.95,2.32,7.4,-21.94,4.97,3.97,-35.53,13.01,1.06,2026-06-30,2,-76.7,-17.2,0.6,1.06,45.8,0.4,,0
129,000913,钱江摩托,交运设备,1.15,1.13,59.0,-1.67,-2.44,0.72,-26.85,0.43,-1.75,-37.64,9.38,0.46,2026-06-30,2,-62.4,-11.3,1.88,3.71,48.6,1.01,9.82,2
130,002761,浙江建投,工程建设,1.15,1.19,101.4,3.8,7.29,7.29,-10.32,7.5,4.76,-22.96,15.38,1.02,2026-06-30,2,49.3,-9.6,2.68,0.69,90.4,2.49,0.65,1
131,600461,洪城环境,公用事业,1.15,1.16,114.6,0.45,0.22,0.38,-6.42,-0.78,-0.13,-10.69,6.89,0.83,2026-06-30,2,-4.5,-7.8,5.71,17.1,55.6,5.81,5.24,1
132,603393,新天然气,燃气,1.15,1.16,112.8,1.33,4.35,-5.17,-36.85,7.79,5.5,-37.84,24.29,2.6,2026-06-30,2,-38.0,-6.6,4.12,20.26,47.6,3.86,,0
133,000550,江铃汽车,汽车整车,1.17,1.24,148.4,6.11,6.31,3.68,-3.97,3.91,5.53,-21.29,10.05,0.66,2026-06-30,2,0.8,7.0,6.12,3.82,63.4,7.39,3.23,1
134,002251,步步高,商业百货,1.17,1.2,102.2,2.15,3.83,-2.56,-17.03,4.05,1.69,-46.55,14.11,4.4,2026-06-30,2,-28.6,9.8,1.7,6.12,59.2,1.43,,0
135,300026,红日药业,中药,1.17,1.16,99.1,-1.2,-3.23,9.63,-8.33,0.16,-4.61,-22.9,13.79,3.26,2026-06-30,2,-0.7,-21.7,0.91,3.57,15.9,0.78,0.3,1
136,002267,陕天然气,燃气,1.18,1.19,81.5,0.41,3.53,6.08,-7.57,4.17,3.18,-17.08,12.08,0.59,2026-06-30,2,-20.7,-8.3,5.95,9.08,50.9,4.04,2.73,1
137,300772,运达股份,风电设备,1.18,1.14,72.9,-2.94,-26.1,-25.2,-55.84,-19.64,-16.13,-56.93,0.54,1.59,2026-06-30,2,-273.4,26.9,-3.2,-1.8,83.1,-2.49,0.65,1
138,601900,南方传媒,文化传媒,1.18,1.25,109.8,5.42,6.14,7.05,-10.88,6.96,4.69,-24.68,15.49,1.15,2026-06-30,2,5.3,-4.6,5.23,12.53,47.0,4.75,4.5,1
139,002081,金 螳 螂,装修装饰,1.19,1.0,137.6,-15.91,31.14,-3.18,47.57,14.75,-1.96,-34.01,69.28,19.17,2026-06-30,2,-14.1,-15.1,2.21,3.8,56.0,3.08,2.51,1
140,600596,新安股份,农药兽药,1.19,1.18,148.7,-0.36,-0.36,-22.94,-15.51,-9.36,1.39,-38.09,15.07,4.06,2026-06-30,2,268.0,6.3,2.02,2.97,38.8,2.54,0.91,1
141,601636,旗滨集团,玻璃玻纤,1.19,1.2,171.9,0.87,-5.22,-12.37,-13.35,-13.24,-2.11,-43.21,7.2,3.82,2026-06-30,2,-118.8,-2.4,-1.13,-2.32,57.4,-1.67,1.89,1
142,600395,盘江股份,煤炭行业,1.2,1.08,115.1,-9.76,7.85,-3.07,-12.56,7.0,-0.5,-15.32,17.54,2.46,2026-06-30,2,1344.5,-6.0,0.59,1.31,76.1,0.63,1.12,1
143,000650,仁和药业,中药,1.21,1.2,75.3,-1.47,-0.92,4.87,-9.12,0.2,-1.52,-20.06,7.82,1.31,2026-06-30,2,0.5,5.9,4.52,13.96,11.8,2.92,2.82,1
144,002588,史丹利,化肥行业,1.21,1.19,93.1,-1.46,-6.59,-5.61,-30.04,-4.11,-2.05,-30.04,5.35,1.45,2026-06-30,2,-10.3,8.5,6.95,7.85,40.3,5.44,3.9,2
145,600751,海航科技,航运港口,1.21,1.2,90.2,-0.64,-0.96,5.42,-20.35,2.07,-1.55,-38.27,13.5,0.86,2026-06-30,2,-37.2,35.4,0.6,4.91,24.2,0.45,0.58,1
146,002075,沙钢股份,钢铁行业,1.22,1.22,81.2,0.27,-6.57,7.71,-31.29,1.83,-0.55,-43.43,12.12,1.14,2026-06-30,2,-11.9,-1.9,2.07,2.05,56.5,1.37,1.35,2
147,301327,华宝新能,电源设备,1.22,1.23,75.2,1.36,-4.2,-15.28,-31.2,-5.33,-1.94,-43.92,3.08,0.56,2026-06-30,2,-91.5,34.7,0.17,0.47,19.7,0.1,,0
148,600057,厦门象屿,物流行业,1.22,1.22,185.1,0.0,4.49,11.22,-23.82,6.2,2.77,-26.99,20.3,1.11,2026-06-30,2,3.3,2.5,5.04,0.51,71.7,10.66,3.37,2
149,601033,永兴股份,环保行业,1.22,1.22,131.7,0.0,3.25,7.65,-6.31,3.36,1.54,-10.07,9.75,0.49,2026-06-30,2,13.2,9.1,4.76,23.19,56.2,5.22,4.31,1
150,000403,派林生物,生物制品,1.23,1.22,98.4,-0.67,-2.36,-11.16,-27.42,1.93,-3.05,-43.75,17.75,1.24,2026-06-30,2,-64.3,-15.9,1.04,10.16,17.7,0.84,,0
151,002243,力合科创,美容护理,1.23,1.21,89.3,-1.47,1.23,5.28,-25.53,4.62,-0.23,-37.72,18.46,0.83,2026-06-30,2,8.1,8.3,1.74,10.81,48.8,1.28,0.68,1
152,603202,天有为,汽车零部件,1.23,1.24,84.2,0.31,-0.74,-20.79,-41.11,-1.21,0.09,-47.86,7.06,0.46,2026-06-30,2,-44.5,-10.7,4.28,16.1,26.7,2.92,4.75,2
153,002045,国光电器,消费电子,1.25,1.24,51.4,-1.08,2.7,9.2,-28.71,9.92,3.56,-50.46,25.9,2.71,2026-06-30,2,-217.7,-15.6,-1.79,-2.32,61.8,-0.76,0.16,1
154,600480,凌云股份,汽车零部件,1.25,1.25,100.6,-0.6,-5.18,-14.09,-21.44,-5.25,-2.66,-43.39,1.86,0.95,2026-06-30,2,-29.7,4.5,3.69,3.14,50.3,3.04,4.86,2
155,002145,钛能化学,化学原料,1.26,1.24,162.9,-2.06,-4.68,2.64,-21.23,-4.96,-2.56,-29.41,2.64,1.68,2026-06-30,2,61.9,20.9,3.43,9.21,37.8,4.2,0.93,2
156,002204,大连重工,工程机械,1.26,1.24,99.9,-0.96,-3.36,-5.59,-27.95,-2.47,-1.44,-35.66,2.58,0.89,2026-06-30,2,18.8,7.6,4.68,4.62,71.1,3.71,1.84,1
157,600361,创新新材,有色金属,1.26,1.22,135.5,-3.2,-2.68,-6.76,-23.13,-1.57,-1.59,-26.91,5.83,1.59,2026-06-30,2,11.7,11.2,3.59,0.91,61.4,3.96,2.42,1
158,600888,新疆众和,有色金属,1.26,1.18,153.3,-5.82,-1.99,-10.35,5.34,-11.53,-3.5,-38.77,37.74,5.49,2026-06-30,2,33.6,2.0,4.32,12.79,43.8,5.23,1.32,1
159,688567,孚能科技,电池,1.27,1.24,110.2,-2.28,-11.66,-16.09,-36.21,-9.29,-6.87,-58.3,1.23,0.95,2026-06-30,2,-145.1,-16.9,-4.38,-10.98,58.7,-3.97,,0
160,600059,古越龙山,酿酒行业,1.28,1.43,83.8,12.21,16.33,19.2,-0.88,15.98,11.75,-14.62,25.55,1.66,2026-06-30,2,1.4,-11.9,1.55,11.63,10.0,0.92,0.98,1
161,600633,浙数文化,游戏,1.28,1.28,132.8,0.1,-6.77,-2.52,-17.56,-0.94,-0.53,-38.85,5.12,1.97,2026-06-30,2,-20.1,22.2,2.9,17.45,13.3,3.01,2.39,2
162,688289,圣湘生物,医疗器械,1.28,1.31,91.9,2.83,1.72,13.49,-10.97,5.04,0.7,-26.43,15.21,1.5,2026-06-30,2,-39.8,-3.9,1.37,11.75,26.6,0.98,3.27,2
163,002183,怡 亚 通,贸易行业,1.29,1.25,113.0,-2.68,-6.05,-20.04,-15.7,-8.65,-3.26,-42.91,2.11,1.91,2026-06-30,2,-15.8,-30.9,0.3,0.11,81.2,0.27,,0
164,002531,天顺风能,风电设备,1.29,1.27,111.4,-1.59,-7.05,-36.08,-50.08,-13.24,-1.84,-52.49,2.65,1.78,2026-06-30,2,115.6,-7.8,1.34,5.75,64.9,1.16,,0
165,600728,佳都科技,软件开发,1.29,1.28,101.1,-0.63,-0.21,4.18,-23.92,4.48,1.24,-41.26,15.61,1.1,2026-06-30,2,-77.3,8.8,0.39,0.57,51.2,0.31,0.17,1
166,002434,万里扬,汽车零部件,1.3,1.3,76.4,0.34,0.69,-14.67,-32.95,-1.95,-0.48,-46.06,11.71,0.92,2026-06-30,2,-74.6,-30.3,1.2,3.59,36.6,0.7,0.86,1
167,600416,湘电股份,电机,1.3,1.32,127.7,1.53,-4.42,-9.42,-38.52,-5.86,-0.44,-50.34,4.72,1.13,2026-06-30,2,-94.0,-11.8,0.12,0.51,41.4,0.11,,0
168,600509,天富能源,电力行业,1.3,1.29,102.4,-0.93,-3.62,-6.32,-24.01,-4.19,-0.7,-27.17,13.8,1.35,2026-06-30,2,-0.8,2.0,3.89,7.26,61.4,3.01,1.13,1
169,600618,氯碱化工,化学原料,1.3,1.29,121.0,-0.95,0.67,-2.24,-30.08,1.27,1.17,-40.9,9.07,0.72,2026-06-30,2,-15.8,6.2,3.92,9.82,37.8,3.73,2.29,1
170,600835,上海机电,专用设备,1.3,1.28,181.8,-1.53,-5.3,-8.14,-26.0,-7.23,-1.74,-44.89,3.5,0.87,2026-06-30,2,-19.4,0.3,2.79,4.18,49.2,3.96,1.99,2
171,600612,老凤祥,珠宝首饰,1.31,1.34,176.8,2.24,-3.07,-2.31,-20.15,-1.85,-1.64,-39.24,5.13,0.85,2026-06-30,2,-41.3,-40.1,5.28,3.58,28.0,7.16,4.88,2
172,600761,安徽合力,工程机械,1.31,1.32,145.9,1.11,-4.93,2.25,-16.64,-2.79,-1.21,-28.61,2.25,1.74,2026-06-30,2,-17.8,12.1,6.1,6.02,42.3,6.72,3.66,2
173,000049,德赛电池,电池,1.32,1.3,89.0,-1.41,-6.2,3.21,-13.89,-3.97,-3.35,-22.75,3.21,1.78,2026-06-30,2,110.4,9.8,3.02,1.92,60.4,2.05,0.99,1
174,600422,昆药集团,中药,1.33,1.32,64.3,-0.93,-3.74,1.19,-30.12,-1.55,-2.46,-42.98,10.26,1.01,2026-06-30,2,-283.5,-51.0,-7.03,-22.15,41.4,-3.64,2.12,1
175,600956,新天绿能,燃气,1.33,1.32,321.8,-0.56,1.27,-6.66,-23.86,0.68,0.74,-32.03,8.99,0.47,2026-06-30,2,-9.3,-15.5,5.14,13.9,66.4,12.81,2.8,1
176,601375,中原证券,证券,1.33,1.31,192.2,-1.66,1.02,11.35,-2.08,1.5,0.79,-13.53,11.35,1.57,2026-06-30,2,61.1,37.0,2.87,33.23,76.0,4.19,0.72,2
177,002019,亿帆医药,化学制药,1.34,1.33,117.4,-1.33,-6.67,-2.23,-32.75,-4.18,-4.88,-40.4,3.21,1.57,2026-06-30,2,-32.5,-6.4,2.3,8.31,32.6,2.05,1.04,1
178,600163,中闽能源,电力行业,1.34,1.39,100.1,4.16,0.19,-7.39,-22.07,1.32,3.1,-36.55,11.44,0.83,2026-06-30,2,-7.3,-0.1,4.52,31.48,47.4,3.47,0.57,1
179,600006,东风股份,汽车整车,1.35,1.35,107.2,0.19,-0.74,-4.96,-22.32,-0.63,-0.03,-35.27,4.89,0.6,2026-06-30,2,27.8,9.6,1.58,2.25,49.5,1.24,,0
180,600821,金开新能,电力行业,1.35,1.36,118.8,1.17,-8.21,-5.63,-40.49,-4.27,-3.22,-46.31,18.43,5.04,2026-06-30,2,-81.7,-12.0,0.89,4.76,73.9,0.81,1.66,1
181,601678,滨化股份,化学原料,1.35,1.22,144.8,-9.76,-17.56,1.01,7.51,-5.09,-9.42,-21.95,49.5,8.46,2026-06-30,2,208.3,12.3,2.89,4.16,48.6,3.44,0.83,2
182,603866,桃李面包,食品饮料,1.35,1.38,69.4,2.12,1.4,5.85,-15.36,5.73,1.58,-23.25,17.93,0.51,2026-06-30,2,-28.8,-2.0,2.75,5.67,28.8,1.45,4.61,1
183,600320,振华重工,专用设备,1.36,1.37,217.1,0.49,-0.96,-4.4,-23.38,-1.19,0.79,-26.12,4.03,1.4,2026-06-30,2,45.9,1.3,3.13,2.85,76.7,5.03,1.82,2
184,601568,北元化工,化学原料,1.36,1.35,151.3,-1.04,2.42,1.8,-18.03,4.54,1.46,-18.03,12.39,0.6,2026-06-30,2,-47.3,-4.4,0.64,1.67,18.6,0.73,1.31,1
185,688408,中信博,光伏设备,1.36,1.35,52.3,-0.95,-12.28,-18.06,-46.57,-12.28,-6.16,-55.49,1.75,0.97,2026-06-30,2,-229.2,-27.9,-5.1,-7.0,67.1,-2.04,,0
186,600210,紫江企业,包装材料,1.38,1.38,92.7,-0.16,-0.16,-3.93,-17.99,-2.33,0.47,-25.21,2.52,0.92,2026-06-30,2,15.1,-7.8,7.82,11.25,50.4,5.44,5.73,1
187,002048,宁波华翔,汽车零部件,1.39,1.3,152.0,-6.63,-3.51,-32.3,-35.32,-11.65,-3.48,-53.4,6.97,3.3,2026-06-30,2,293.6,-20.4,6.13,7.06,49.7,7.23,1.39,1
