signalMonth,signalDate,entryDate,exitDate,rotationRank,indexCode,industryCode,industryName,compositeScore,momentum3m,momentum6m,weightedPe,weightedPb,weightedDividendYield,industryMarketCap,equalWeight,marketCapWeight,monthlyIndustryReturn
2022-01-01,2022-01-28,2022-02-07,2022-03-01,1,801960,750000,石油石化,0.9183333333333333,,,11.02950990047729,0.9677012958117054,0.03575848813981842,2379414572232.41,0.2,0.1361415656982953,0.05962089346963073
2022-01-01,2022-01-28,2022-02-07,2022-03-01,2,801950,740000,煤炭,0.8933333333333334,0.5462746385893424,0.45374407702389363,8.581188161376183,1.2687783813232616,0.041865444950753075,1243541206663.1702,0.2,0.07115096665421917,0.14274945700779362
2022-01-01,2022-01-28,2022-02-07,2022-03-01,3,801180,430000,房地产,0.8700000000000001,0.0849151630727103,0.0003516713405891103,7.184707930680857,1.0203294345874765,0.02257056030501596,1836715909311.48,0.2,0.10509029513172578,-0.006978600364441423
2022-01-01,2022-01-28,2022-02-07,2022-03-01,4,801720,620000,建筑装饰,0.8366666666666667,0.04788251794088305,0.08243927453040123,8.575493533230484,1.0234640296568547,0.013945486502364388,1829792634767.0698,0.2,0.10469417019946951,0.029817546636826453
2022-01-01,2022-01-28,2022-02-07,2022-03-01,5,801780,480000,银行,0.7733333333333333,-0.02697143534942903,-0.01643172658478964,5.37181437122566,0.6420041012337414,0.046694906005408314,10188038304735.139,0.2,0.5829230023162902,-0.0019000388209371444
2022-02-01,2022-02-28,2022-03-01,2022-04-01,1,801960,750000,石油石化,0.9016666666666667,,,12.155782814497732,1.0664825660367088,0.03244132217268277,2622712717838.27,0.2,0.14543365690117177,-0.12004952958835491
2022-02-01,2022-02-28,2022-03-01,2022-04-01,2,801950,740000,煤炭,0.8833333333333334,0.7971588074272846,0.7792603965022364,9.717885771503992,1.4755736975825298,0.03602743690340473,1446272899081.1401,0.2,0.08019816854504612,0.08883870174300945
2022-02-01,2022-02-28,2022-03-01,2022-04-01,3,801720,620000,建筑装饰,0.8566666666666667,0.0991423087202663,0.11509507446719347,8.921583098283783,1.059034321474334,0.013542665067423649,1887541869516.0095,0.2,0.10466724577598799,-0.030778472737552742
2022-02-01,2022-02-28,2022-03-01,2022-04-01,4,801780,480000,银行,0.8233333333333334,0.017354105798933483,0.00844199310699656,5.401448383945794,0.6456228836297124,0.046440268611558415,10243900568550.621,0.2,0.5680408343938868,-0.022827435652323924
2022-02-01,2022-02-28,2022-03-01,2022-04-01,5,801180,430000,房地产,0.8150000000000001,0.024382677751582094,0.006295824521413751,7.5185014303267605,1.018541733452972,0.022612470949211656,1833311683955.63,0.2,0.10166009438390729,0.0876954060989148
2022-03-01,2022-03-30,2022-04-01,2022-05-06,1,801780,480000,银行,0.9000000000000001,-0.016995742031595706,-0.06359527774615381,5.358277235911715,0.6351988776942695,0.04660128987448119,10208575090194.627,0.2,0.5636407778560211,-0.0448853968992553
2022-03-01,2022-03-30,2022-04-01,2022-05-06,2,801950,740000,煤炭,0.8916666666666667,0.16662838815219527,0.9097858923789297,10.128337538168198,1.6315454599894974,0.03219832972995449,1618335259865.16,0.2,0.08935230790224166,-0.05555042150550893
2022-03-01,2022-03-30,2022-04-01,2022-05-06,3,801180,430000,房地产,0.8783333333333334,0.020806431338490805,0.05177656308410539,8.374353146607344,1.1050353229782794,0.02082837452736361,1990347693231.36,0.2,0.10989203802736323,-0.10559631466965602
2022-03-01,2022-03-30,2022-04-01,2022-05-06,4,801960,750000,石油石化,0.8466666666666667,-0.07740695583889567,,11.059378953531775,0.9791374090564983,0.03528908049861995,2411065038917.9497,0.2,0.13312088729233826,-0.04296166254168354
2022-03-01,2022-03-30,2022-04-01,2022-05-06,5,801720,620000,建筑装饰,0.8266666666666667,-0.037489245956914385,-0.04305265158715088,8.837282587843175,1.0505225107036669,0.013574245175720458,1883523134854.9797,0.2,0.10399398892203593,-0.04000929706868894
2022-04-01,2022-04-29,2022-05-06,2022-06-01,1,801780,480000,银行,0.9233333333333333,-0.03735740253228026,-0.054255991723662245,5.191566167302633,0.6127377746051962,0.04728335740636841,10061315549674.213,0.2,0.5426648630991067,-0.020508305452837994
2022-04-01,2022-04-29,2022-05-06,2022-06-01,2,801950,740000,煤炭,0.9166666666666666,0.17793572157633997,0.8397369017917893,8.884318232169088,1.524701933189772,0.032045219903508504,1629747906096.6602,0.2,0.08790171821781666,0.12080656091789055
2022-04-01,2022-04-29,2022-05-06,2022-06-01,3,801720,620000,建筑装饰,0.8883333333333333,-0.030275709107957627,0.04984919325713277,8.975504477231699,1.026002033312438,0.013590039842843491,1880543168240.4004,0.2,0.10142855533222803,0.03192575185739033
2022-04-01,2022-04-29,2022-05-06,2022-06-01,4,801180,430000,房地产,0.8766666666666667,-0.034670666530748906,0.0054452351916904895,9.919482360437497,1.0047276459620722,0.02286108631172177,1843128434263.9595,0.2,0.0994105626163677,-0.028945292648631327
2022-04-01,2022-04-29,2022-05-06,2022-06-01,5,801960,750000,石油石化,0.8083333333333333,-0.14041416219997238,,9.754879433231062,1.0283196594541724,0.02721969894624519,3125834331485.8994,0.2,0.1685943007344809,0.12099793869021735
2022-05-01,2022-05-31,2022-06-01,2022-07-01,1,801950,740000,煤炭,0.91,0.20798045602605852,1.1223191170459192,9.475848076441054,1.6540372055727888,0.02918459159477173,1789493262859.5,0.2,0.14980987727656161,0.014676401355441238
2022-05-01,2022-05-31,2022-06-01,2022-07-01,2,801960,750000,石油石化,0.8816666666666667,-0.02321829433740885,,10.453227810190297,1.1191414800467818,0.023357843885314256,3448527942585.8296,0.2,0.28869823574414805,-0.028375135486211067
2022-05-01,2022-05-31,2022-06-01,2022-07-01,3,801180,430000,房地产,0.8083333333333333,-0.07457548653605317,-0.05361581252219194,10.264736879936475,0.9860581979693132,0.023620339058539334,1736159392458.1,0.2,0.14534495933283584,0.057339810376325406
2022-05-01,2022-05-31,2022-06-01,2022-07-01,4,801720,620000,建筑装饰,0.8066666666666666,-0.08758819528762829,0.06583904819001107,8.674201252763357,1.012831635645721,0.0137698618287166,1872390819773.1904,0.2,0.15674975969216912,0.006109398721074744
2022-05-01,2022-05-31,2022-06-01,2022-07-01,5,801170,420000,交通运输,0.79,-0.03422165683541856,0.04510361819752129,9.543585996951318,1.532822903366237,0.006148656084018387,3098523895070.651,0.2,0.25939716795428536,0.022875555461954855
2022-06-01,2022-06-30,2022-07-01,2022-08-01,1,801950,740000,煤炭,0.8733333333333333,0.179831625728901,1.093984290733915,9.573057578362173,1.6724790568625232,0.03150870883934035,1809553233722.5303,0.2,0.15994064178866563,-0.07106825445889409
2022-06-01,2022-06-30,2022-07-01,2022-08-01,2,801960,750000,石油石化,0.8133333333333335,0.04142828251050523,,9.76317940698929,1.045833931336373,0.03408422901206974,3222759832543.0005,0.2,0.2848494680022755,-0.030102308784144438
2022-06-01,2022-06-30,2022-07-01,2022-08-01,3,801170,420000,交通运输,0.73,0.05173174593560992,0.006199971855935571,9.37424017484683,1.5628612580306198,0.009958347736343461,3161044917359.2,0.2,0.27939468338556406,-0.049541684853775636
2022-06-01,2022-06-30,2022-07-01,2022-08-01,4,801720,620000,建筑装饰,0.73,-0.001700991330431445,0.00774535417224409,8.563995335344602,1.0027638887673171,0.014570997555625555,1854023583841.1995,0.2,0.16387123427193556,-0.02908119873066961
2022-06-01,2022-06-30,2022-07-01,2022-08-01,5,801710,610000,建筑材料,0.7216666666666666,0.06820354978697885,-0.03215388341862335,11.785847330870837,1.867799555515538,0.02050802211370919,1266523475590.9,0.2,0.11194397255155908,-0.09782810223811411
2022-07-01,2022-07-29,2022-08-01,2022-09-01,1,801770,730000,通信,0.75,0.21674100962869547,-0.07125615208325509,14.431788446223871,1.232496331191839,0.02505389475784176,2660321112196.33,0.2,0.16852145454174527,-0.009607394045037188
2022-07-01,2022-07-29,2022-08-01,2022-09-01,2,801950,740000,煤炭,0.7050000000000001,0.07599550903732366,0.198217539184115,8.568758999069322,1.5007237745943698,0.053319721206958576,1648385953160.79,0.2,0.10441912339052133,0.07817254355783176
2022-07-01,2022-07-29,2022-08-01,2022-09-01,3,801880,280000,汽车,0.6816666666666666,0.49423706772516285,0.06527768424975999,34.82372457790154,2.7982104529760785,0.010772628161857754,4312470594774.851,0.2,0.27317898353254505,-0.11872182433258371
2022-07-01,2022-07-29,2022-08-01,2022-09-01,4,801030,220000,基础化工,0.6533333333333333,0.22385814192718367,-0.052654753454111525,16.152441652510074,2.8160549997955657,0.006663960963513632,4049397052806.85,0.2,0.256514252444013,-0.025864001758804323
2022-07-01,2022-07-29,2022-08-01,2022-09-01,5,801050,240000,有色金属,0.6500000000000001,0.29297823090083974,0.009105871049175374,21.543234469511077,3.1476187648073,0.005897312560370874,3115671135878.7793,0.2,0.19736618609117537,-0.06699039141978591
2022-08-01,2022-08-31,2022-09-01,2022-10-10,1,801950,740000,煤炭,0.8233333333333334,0.02517764973801162,0.17397460901013995,7.646829976656323,1.6656491009942673,0.04756167087911561,1818230081609.1099,0.2,0.145458098186335,0.03030254822667744
2022-08-01,2022-08-31,2022-09-01,2022-10-10,2,801770,730000,通信,0.7833333333333333,0.06650138941862371,-0.06481574383304445,14.044195273306714,1.2834363008840506,0.023779878397687082,2778000314521.9697,0.2,0.2222395540578662,-0.07975871313672911
2022-08-01,2022-08-31,2022-09-01,2022-10-10,3,801160,410000,公用事业,0.6799999999999999,0.047534487434064854,-0.0020375764091152826,21.194416649595006,1.9531346766550604,0.012330333144293649,3079301376610.58,0.2,0.24634358792917146,-0.0711312141391296
2022-08-01,2022-08-31,2022-09-01,2022-10-10,4,801960,750000,石油石化,0.645,0.004731656728027112,-0.06574707286300918,8.758064321202575,1.0189783588968857,0.0343006563170484,3203994977214.0703,0.2,0.2563190548314342,-0.02926856591351723
2022-08-01,2022-08-31,2022-09-01,2022-10-10,5,801110,330000,家用电器,0.605,0.05180643600141188,-0.12851947202811498,16.349603534227608,2.855011566263923,0.023506818560627304,1620499747571.5303,0.2,0.12963970499519303,-0.05109510441148035
2022-09-01,2022-09-30,2022-10-10,2022-11-01,1,801950,740000,煤炭,0.9216666666666666,0.01170234996865438,0.12536716279135285,7.887980983617934,1.7173572141596143,0.046135641704530786,1874674996899.55,0.2,0.09500398352841023,-0.1371220519978631
2022-09-01,2022-09-30,2022-10-10,2022-11-01,2,801960,750000,石油石化,0.8666666666666667,-0.04827577270606931,-0.02176258274176579,8.443210426130745,0.9820632176234415,0.0398669515272302,3087614253248.76,0.2,0.15647280416224996,-0.11119889568972774
2022-09-01,2022-09-30,2022-10-10,2022-11-01,3,801170,420000,交通运输,0.8350000000000001,-0.05053683125597219,-0.0093347265761059,8.094888528576512,1.4624364205745795,0.012486875818709133,2943828313681.62,0.2,0.1491860813666477,-0.033200548725795476
2022-09-01,2022-09-30,2022-10-10,2022-11-01,4,801770,730000,通信,0.775,-0.05913451714146489,-0.08447709752416677,14.17291004980516,1.290994733437593,0.04197283266488757,2799599748169.2114,0.2,0.1418769273613248,0.05305704897616503
2022-09-01,2022-09-30,2022-10-10,2022-11-01,5,801780,480000,银行,0.7733333333333333,-0.11009674742148623,-0.12995022536212775,4.529950645768779,0.5393690415642226,0.058615399825831915,9026876283288.81,0.2,0.45746020358136724,-0.08995121110477677
2022-10-01,2022-10-31,2022-11-01,2022-12-01,1,801950,740000,煤炭,0.8500000000000001,-0.04631741392731792,-0.045812452816008764,6.494504080150652,1.4152425266188067,0.05319310559122389,1621235507092.26,0.2,0.13695031105815458,0.08265394498564893
2022-10-01,2022-10-31,2022-11-01,2022-12-01,2,801770,730000,通信,0.8333333333333334,-0.044536311159285025,0.06648621881084482,14.12259789429265,1.317189665973495,0.04109532242352115,2855707197816.9507,0.2,0.2412295976255019,0.01686852581227627
2022-10-01,2022-10-31,2022-11-01,2022-12-01,3,801960,750000,石油石化,0.76,-0.09722815265611018,-0.07688949146310631,7.437553294689357,0.9026745427895331,0.05314165189963617,2860758853306.16,0.2,0.24165632513521865,0.11624701617011057
2022-10-01,2022-10-31,2022-11-01,2022-12-01,4,801170,420000,交通运输,0.7433333333333333,-0.07367302982916846,-0.06199396492486031,7.848392649263368,1.3569475591286857,0.012917040030322822,2870222723754.4395,0.2,0.24245576481935838,0.0938808922846035
2022-10-01,2022-10-31,2022-11-01,2022-12-01,5,801720,620000,建筑装饰,0.6916666666666667,-0.12575286529627394,-0.11361551381028334,6.940967871428425,0.8450990482338543,0.017501618530043037,1630205142970.4404,0.2,0.13770800136176653,0.13862449538905963
2022-11-01,2022-11-30,2022-12-01,2023-01-03,1,801180,430000,房地产,0.8433333333333333,0.08372048643099683,0.040985445868428005,11.823903117424125,1.0121042316699613,0.016254732765367128,1702851594680.3599,0.2,0.08974061375422238,-0.09180063724361842
2022-11-01,2022-11-30,2022-12-01,2023-01-03,2,801780,480000,银行,0.7466666666666667,0.022864980408459745,-0.06481589556192036,4.516404290048976,0.5318893130561643,0.05751256013886213,9200246155960.39,0.2,0.48485478083061584,-0.003815853481334508
2022-11-01,2022-11-30,2022-12-01,2023-01-03,3,801720,620000,建筑装饰,0.7266666666666667,0.030390842379943273,-0.03247597130093394,7.994431843001376,0.978752526487233,0.015032504764250486,1898124477421.75,0.2,0.10003153305776746,-0.07389595182335229
2022-11-01,2022-11-30,2022-12-01,2023-01-03,4,801770,730000,通信,0.7116666666666667,-0.03756964312603517,0.08705758295585331,15.17685990986837,1.4146452338055306,0.038444636617131336,3069009713282.8394,0.2,0.1617374151382639,-0.04544628532562134
2022-11-01,2022-11-30,2022-12-01,2023-01-03,5,801170,420000,交通运输,0.6916666666666665,-0.005019424629089997,0.011314219578408169,8.4661970863531,1.4668097145656693,0.011940438173900668,3105029352766.76,0.2,0.16363565721913037,-0.017133140424399618
2022-12-01,2022-12-30,2023-01-03,2023-02-01,1,801780,480000,银行,0.8133333333333334,0.03576722769549634,-0.07422943323220332,4.565209309898018,0.5376367114245028,0.056897716848815165,9299665076948.088,0.2,0.40614091122220847,0.03819371777553715
2022-12-01,2022-12-30,2023-01-03,2023-02-01,2,801170,420000,交通运输,0.7333333333333334,0.0000549715416555685,-0.01593239239705757,8.33930163300015,1.4596370373191259,0.022226696904681816,3123536089310.89,0.2,0.13641306251907506,0.022237074198310447
2022-12-01,2022-12-30,2023-01-03,2023-02-01,3,801720,620000,建筑装饰,0.6783333333333333,0.007123262757460447,-0.0909741728377047,7.520471583346813,0.9126081063935566,0.016216431115881016,1761136433411.4,0.2,0.07691347483312479,0.05770050926971226
2022-12-01,2022-12-30,2023-01-03,2023-02-01,4,801790,490000,非银金融,0.6766666666666666,0.056098417773699394,-0.07473729830225295,15.419142457693725,1.2787858928799105,0.024377503618822554,5825296879957.879,0.2,0.2544060848847694,0.10458035659243925
2022-12-01,2022-12-30,2023-01-03,2023-02-01,5,801770,730000,通信,0.665,-0.025059267155653875,-0.034136345724418815,14.28059349930669,1.331291493248589,0.040854175758183536,2887997401293.0894,0.2,0.12612646654082216,0.0937731169226752
2023-01-01,2023-01-31,2023-02-01,2023-03-01,1,801780,480000,银行,0.9066666666666667,0.16609136257736234,0.04455640450301357,4.633269880046008,0.5482702565140057,0.055797830657777894,9483592100469.44,0.2,0.44171642064470273,-0.04120509084911639
2023-01-01,2023-01-31,2023-02-01,2023-03-01,2,801790,490000,非银金融,0.8366666666666667,0.21829103446180964,0.07685750149351911,16.289744987267323,1.3502400217489492,0.023093680257903898,6150445960099.254,0.2,0.28646877112410124,-0.03292798630791072
2023-01-01,2023-01-31,2023-02-01,2023-03-01,3,801180,430000,房地产,0.7866666666666666,0.13372702023059158,0.03218528302513746,12.223486262136044,0.9552442505175919,0.01722691386575289,1606753120513.0803,0.2,0.07483759631728708,-0.020122591831078562
2023-01-01,2023-01-31,2023-02-01,2023-03-01,4,801960,750000,石油石化,0.7383333333333334,0.07782831805976276,0.01767072983678153,8.194513679918005,0.9936923289842351,0.0481387566404807,3148041928964.0195,0.2,0.1466260672295891,0.019664090237013765
2023-01-01,2023-01-31,2023-02-01,2023-03-01,5,801710,610000,建筑材料,0.7066666666666667,0.1861377884126072,-0.04390065805167831,12.684193318364905,1.5993797873979438,0.02419414297078707,1081032299593.6295,0.2,0.05035114468431989,0.006883786295394545
2023-02-01,2023-02-28,2023-03-01,2023-04-03,1,801780,480000,银行,0.7566666666666667,0.050949870282031906,0.032965261280706315,4.530661456349151,0.5368995124556775,0.05697953431726267,9286911478782.92,0.2,0.40123928026796996,-0.020725025484199744
2023-02-01,2023-02-28,2023-03-01,2023-04-03,2,801790,490000,非银金融,0.7433333333333333,0.09610245691801622,0.04939465361294082,16.29902704933376,1.348914538019519,0.023048686262131562,6162452455086.838,0.2,0.266247610243042,-0.033638771152477376
2023-02-01,2023-02-28,2023-03-01,2023-04-03,3,801770,730000,通信,0.7283333333333334,0.13094824411723538,0.03995631417547796,17.39002946291588,1.6184191113000115,0.03359835251634116,3511810028172.1895,0.2,0.1517270980089403,0.09651580608503196
2023-02-01,2023-02-28,2023-03-01,2023-04-03,4,801040,230000,钢铁,0.6983333333333333,0.08326995555104855,0.011971533564106629,13.22778051530285,1.0763100462488686,0.026799071773273543,989561602237.0499,0.2,0.04275382466706229,-0.07541121364435666
2023-02-01,2023-02-28,2023-03-01,2023-04-03,5,801960,750000,石油石化,0.675,0.05552319047335108,-0.010879751025215545,8.308540095096104,1.0080873710640945,0.04743371559065811,3194833515050.93,0.2,0.13803218681298554,0.016354369269241387
2023-03-01,2023-03-31,2023-04-03,2023-05-04,1,801720,620000,建筑装饰,0.8216666666666667,0.11255884921551096,0.09040465157462885,8.461940564787199,1.0266798991850017,0.014147949981735842,2033258248443.8403,0.2,0.12037653375997642,0.09421619501462963
2023-03-01,2023-03-31,2023-04-03,2023-05-04,2,801770,730000,通信,0.8083333333333333,0.292367153954304,0.2612028458062501,19.273304577016777,1.7535251053389935,0.030491414908865977,3870630973579.33,0.2,0.22915590797188987,0.025888365340639874
2023-03-01,2023-03-31,2023-04-03,2023-05-04,3,801960,750000,石油石化,0.7666666666666667,0.11103798781776608,-0.01210907133887451,8.348866312489482,1.0686674445563038,0.043912155955817746,3451045106635.24,0.2,0.2043148469231712,0.025569941436034416
2023-03-01,2023-03-31,2023-04-03,2023-05-04,4,801790,490000,非银金融,0.6833333333333333,0.04502331898851719,0.06453571277301684,16.76913453269548,1.2907382167935182,0.023960313425207543,5927987411653.762,0.2,0.350959145171944,0.04954049301615737
2023-03-01,2023-03-31,2023-04-03,2023-05-04,5,801760,720000,传媒,0.6550000000000001,0.36546578233343374,0.4334770740198597,27.973794275906048,2.4855853014013167,0.0045738659461605725,1607897300033.6396,0.2,0.09519356617301848,0.1602637215901186
2023-04-01,2023-04-28,2023-05-04,2023-06-01,1,801720,620000,建筑装饰,0.8583333333333333,0.1685900100826201,0.24985050979991308,9.758148913299069,1.1246552115860868,0.012532515799866945,2295344105654.4004,0.2,0.08496493787587467,-0.083948959032908
2023-04-01,2023-04-28,2023-05-04,2023-06-01,2,801960,750000,石油石化,0.8566666666666667,0.09907877589538483,0.16748690874548333,9.70693695535395,1.2300955312383044,0.03775181028467677,4014187128786.21,0.2,0.14858999100800124,-0.06534243551349694
2023-04-01,2023-04-28,2023-05-04,2023-06-01,3,801780,480000,银行,0.8200000000000001,-0.02885779202853933,0.13389011674033768,4.868052311462568,0.5668046950550304,0.05258749026153581,10113742109376.568,0.2,0.37437239492716856,-0.012496844231254856
2023-04-01,2023-04-28,2023-05-04,2023-06-01,4,801770,730000,通信,0.7983333333333333,0.22673605059383006,0.29854514785725583,20.622210460858323,1.8477248325056483,0.028268601089695842,4174986041935.2305,0.2,0.1545421572355219,0.012466206682181014
2023-04-01,2023-04-28,2023-05-04,2023-06-01,5,801790,490000,非银金融,0.7733333333333333,-0.014470287429439677,0.21942366327630092,16.361293441375082,1.3504211548853646,0.022142868358490574,6416932563280.38,0.2,0.2375305189534336,-0.044843871506154764
2023-05-01,2023-05-31,2023-06-01,2023-07-03,1,801780,480000,银行,0.8883333333333333,0.0018962892848464197,0.05212803825566015,4.881028209685463,0.5548324277876096,0.052300796754913746,10143142829214.701,0.2,0.38700956551868554,-0.016528186117857557
2023-05-01,2023-05-31,2023-06-01,2023-07-03,2,801720,620000,建筑装饰,0.8616666666666667,0.04576359464519486,0.07336877998035018,8.682295504811625,1.0067229067602277,0.013930473367958754,2079308751205.54,0.2,0.07933560533777466,-0.015656765557814367
2023-05-01,2023-05-31,2023-06-01,2023-07-03,3,801960,750000,石油石化,0.8266666666666668,-0.020789142431541285,0.040578381956112075,8.806629811787232,1.1350186681591,0.04058458461398763,3763278607276.6406,0.2,0.14358713499853729,0.0022103288309764935
2023-05-01,2023-05-31,2023-06-01,2023-07-03,4,801770,730000,通信,0.815,0.17102887451754656,0.2796175014605049,20.031312053379104,1.7934003484916123,0.02909972633945367,4053858107092.4097,0.2,0.1546741371107854,0.12183850470007962
2023-05-01,2023-05-31,2023-06-01,2023-07-03,5,801790,490000,非银金融,0.7683333333333333,-0.02278176683104005,0.05927436021381083,15.326321444004028,1.2888503108639036,0.02292826752668186,6169435287406.819,0.2,0.23539355703421702,-0.01932114536861762
2023-06-01,2023-06-30,2023-07-03,2023-08-01,1,801780,480000,银行,0.8316666666666667,0.0019754586002651564,-0.0009571652282057697,4.81558437566754,0.5473730369144941,0.05323136392608982,10005936140374.14,0.2,0.46209812265586575,0.04962501787176521
2023-06-01,2023-06-30,2023-07-03,2023-08-01,2,801770,730000,通信,0.8216666666666667,0.143954664111291,0.5027699854039946,20.334171915309312,1.823711125829454,0.026037377497329334,4122113166600.741,0.2,0.1903690698139918,-0.07941737784019287
2023-06-01,2023-06-30,2023-07-03,2023-08-01,3,801960,750000,石油石化,0.81,0.001478173495589985,0.05991615424971286,8.847393559919272,1.1378857268660856,0.040686075725329306,3772783624156.37,0.2,0.17423619394039658,0.04240607922737971
2023-06-01,2023-06-30,2023-07-03,2023-08-01,4,801110,330000,家用电器,0.77,0.06916190842049508,0.12397642390467989,16.14599945522071,2.6960531692487644,0.027201589064313202,1709951584922.1904,0.2,0.07896966422128501,0.007218079089893248
2023-06-01,2023-06-30,2023-07-03,2023-08-01,5,801720,620000,建筑装饰,0.74,-0.032621639448765616,0.07718926379612046,8.534162716021626,0.9864428420123945,0.013367219188418197,2042487050742.71,0.2,0.09432694936846066,0.056499627600513413
2023-07-01,2023-07-31,2023-08-01,2023-09-01,1,801790,490000,非银金融,0.8033333333333333,0.12117661854550987,0.036063808964572175,16.639858120674965,1.393959931655114,0.019208648848508616,6692913938089.749,0.2,0.28429918617009575,-0.047346347143179535
2023-07-01,2023-07-31,2023-08-01,2023-09-01,2,801180,430000,房地产,0.7816666666666666,0.08213901926535394,-0.04266892300253844,13.121584677551613,0.9677118544435275,0.017508946421135797,1583089385072.6304,0.2,0.0672459003617672,-0.052127215064148746
2023-07-01,2023-07-31,2023-08-01,2023-09-01,3,801770,730000,通信,0.7783333333333333,0.054682667326487744,0.3089139213167442,19.920304689730944,1.7866611504589254,0.026644332391694774,4083877102321.4805,0.2,0.17347345974391293,-0.041059239991394714
2023-07-01,2023-07-31,2023-08-01,2023-09-01,4,801780,480000,银行,0.7583333333333333,0.02029894000724508,-0.011605055812903275,4.93690335906822,0.5612002130969884,0.055711055819469474,10258695062163.88,0.2,0.43576515166916846,-0.05794997213794795
2023-07-01,2023-07-31,2023-08-01,2023-09-01,5,801040,230000,钢铁,0.7316666666666666,0.04342977565087591,0.003801285679289723,15.15692943882656,1.0001057231684796,0.015351431346642293,923222251039.38,0.2,0.03921630205505564,-0.06748520374516409
2023-08-01,2023-08-31,2023-09-01,2023-10-09,1,801790,490000,非银金融,0.8266666666666667,0.048606081356914244,0.01904926445651678,17.97105474544593,1.3234219746767764,0.01949242070332656,6332126676843.891,0.2,0.2757087291419442,-0.031204010875258925
2023-08-01,2023-08-31,2023-09-01,2023-10-09,2,801960,750000,石油石化,0.8166666666666668,-0.003902121062645425,-0.017092345601752434,9.327460017887,1.1560142121508945,0.04801691199941633,3838939540108.19,0.2,0.16715223745074217,0.021498877187719145
2023-08-01,2023-08-31,2023-09-01,2023-10-09,3,801110,330000,家用电器,0.8150000000000001,0.08463478326669738,-0.00306595203488369,14.534468417707501,2.544476705418029,0.026308143516050222,1580643885143.5598,0.2,0.06882321517549451,-0.004971149201060121
2023-08-01,2023-08-31,2023-09-01,2023-10-09,4,801180,430000,房地产,0.7916666666666666,0.07509007339897966,-0.10395208479125806,12.508272381693772,0.9049425716551963,0.013821796403270177,1480191145400.5002,0.2,0.06444937702808877,-0.0723664717912399
2023-08-01,2023-08-31,2023-09-01,2023-10-09,5,801780,480000,银行,0.7716666666666667,-0.02907787101921544,-0.03480545955501757,4.633838382649571,0.5317183990898884,0.05858556741340241,9734824167947.26,0.2,0.4238664412037304,0.018369969208119397
2023-09-01,2023-09-28,2023-10-09,2023-11-01,1,801960,750000,石油石化,0.93,0.04368667950913263,0.04522942949648323,9.781959840423845,1.2068755948758312,0.04588101493941787,4007842047565.38,0.2,0.17595686237153596,-0.0425938083062678
2023-09-01,2023-09-28,2023-10-09,2023-11-01,2,801780,480000,银行,0.9216666666666667,0.015042543415139553,0.017047717937164197,4.765632993491814,0.5468411103010294,0.05696537087994436,10011699893095.65,0.2,0.4395450916696375,-0.03253724696748206
2023-09-01,2023-09-28,2023-10-09,2023-11-01,3,801950,740000,煤炭,0.8783333333333333,0.052595690338143264,-0.0211420675094659,7.949290964679851,1.4085967743864256,0.07234473468264736,1669238784737.65,0.2,0.0732848289991202,-0.02589222179133377
2023-09-01,2023-09-28,2023-10-09,2023-11-01,4,801790,490000,非银金融,0.8650000000000001,0.05623927698147879,0.02625827749374876,17.725256077380866,1.3043586587914966,0.019818632974733123,6227879651971.421,0.2,0.273423490692231,-0.006443099897013416
2023-09-01,2023-09-28,2023-10-09,2023-11-01,5,801040,230000,钢铁,0.785,0.021374317913844587,-0.05573300884731425,15.598984432011557,0.9397505092628858,0.015738033166039386,860752185845.26,0.2,0.03778972626747523,-0.0020257521501207965
2023-10-01,2023-10-31,2023-11-01,2023-12-01,1,801950,740000,煤炭,0.9066666666666667,0.045326682245065086,-0.06450680824935884,8.488528064273035,1.3568895469241422,0.07460522854145632,1618661850832.1602,0.2,0.07342432955250165,0.07254062243935633
2023-10-01,2023-10-31,2023-11-01,2023-12-01,2,801780,480000,银行,0.8983333333333333,-0.032587196525066586,-0.06858654220147808,4.675296888300967,0.5239371745020565,0.05804646438320549,9845646880580.879,0.2,0.44660966145935893,-0.025983295976091392
2023-10-01,2023-10-31,2023-11-01,2023-12-01,3,801040,230000,钢铁,0.7916666666666666,-0.018252310306978825,-0.07476693987361571,16.814414309186674,0.9269389937319752,0.014004789466435729,856006615517.1299,0.2,0.038829426791357945,-0.02170876838441682
2023-10-01,2023-10-31,2023-11-01,2023-12-01,4,801960,750000,石油石化,0.7666666666666667,-0.050438220362239106,-0.09433584164894471,8.963978366552347,1.0974597476593388,0.04921910264757946,3670946954604.37,0.2,0.16651829956087105,-0.009865839024874368
2023-10-01,2023-10-31,2023-11-01,2023-12-01,5,801790,490000,非银金融,0.7616666666666666,-0.03402745389686512,-0.039180776970479614,18.757958309928338,1.2683320877336477,0.020347234651224014,6054044216038.02,0.2,0.2746182826359104,-0.042323414896442646
2023-11-01,2023-11-30,2023-12-01,2024-01-02,1,801950,740000,煤炭,0.9283333333333333,0.15443444810344764,0.04544563414266323,9.022346128482274,1.4412882661300361,0.07023174593038659,1719342710522.38,0.2,0.08658453487602852,0.00246493592608088
2023-11-01,2023-11-30,2023-12-01,2024-01-02,2,801960,750000,石油石化,0.75,-0.02105877218763641,-0.02323793782185446,9.011491907166757,1.100463375461881,0.0490847400953616,3680995654076.3203,0.2,0.18537159266638947,-0.0067338840113536635
2023-11-01,2023-11-30,2023-12-01,2024-01-02,3,801780,480000,银行,0.7116666666666667,-0.04060186918343078,-0.06764618590653937,4.669388685753917,0.5232787918249364,0.05811684787436773,9833723131723.2,0.2,0.49521735151987484,-0.011482168907396062
2023-11-01,2023-11-30,2023-12-01,2024-01-02,4,801040,230000,钢铁,0.7016666666666667,-0.01288076903901847,-0.018481464456642338,16.528113259054507,0.9094392597548681,0.014237286085010516,839928374571.5901,0.2,0.04229802888998445,-0.03686633829260788
2023-11-01,2023-11-30,2023-12-01,2024-01-02,5,801880,280000,汽车,0.6883333333333332,0.08582126846748128,0.12791066556690556,23.128024728937046,2.224812059427555,0.007623899980794871,3783398206366.8403,0.2,0.19052849204772282,-0.058098720479313526
2023-12-01,2023-12-29,2024-01-02,2024-02-01,1,801950,740000,煤炭,0.925,0.03547941687663525,0.12140522283084021,9.075715705242798,1.4489537696695707,0.06992024569995182,1728485689751.4202,0.2,0.09135153806933856,0.06291700218566665
2023-12-01,2023-12-29,2024-01-02,2024-02-01,2,801960,750000,石油石化,0.7133333333333334,-0.06408270286275841,-0.02806262283246641,9.071632236827936,1.1069204432491777,0.04874318563884588,3703200633007.8203,0.2,0.19571644452159956,-0.020957850363975794
2023-12-01,2023-12-29,2024-01-02,2024-02-01,3,801780,480000,银行,0.6916666666666667,-0.0732386468627938,-0.05163532510889135,4.652952656999315,0.5214332948027167,0.05832521168739903,9798592662604.598,0.2,0.517861684335145,0.06732371434015194
2023-12-01,2023-12-29,2024-01-02,2024-02-01,4,801130,350000,纺织服饰,0.6516666666666666,-0.017098964849707188,-0.0035778965502010207,18.447581380658537,1.811937280180526,0.004876810286513797,636658429185.9999,0.2,0.03364779186532595,-0.10609314908795997
2023-12-01,2023-12-29,2024-01-02,2024-02-01,5,801160,410000,公用事业,0.645,-0.0016494371697680643,-0.07220293679360901,18.70623281695172,1.7076425461651639,0.01530087007406505,3054316964762.83,0.2,0.1614225412085909,-0.01487785323958457
2024-01-01,2024-01-31,2024-02-01,2024-03-01,1,801780,480000,银行,0.9783333333333334,0.02617527934585051,-0.008860434517505844,4.977321723863934,0.5585739418174641,0.0544435654920911,10497199996341.418,0.2,0.5006185412649233,0.044411049695065596
2024-01-01,2024-01-31,2024-02-01,2024-03-01,2,801950,740000,煤炭,0.925,0.1534915538833479,0.19941154598509447,10.1510410112523,1.6149019089945182,0.06273515928833671,1926449945730.81,0.2,0.09187369603206343,0.07925513565432651
2024-01-01,2024-01-31,2024-02-01,2024-03-01,3,801960,750000,石油石化,0.8866666666666667,-0.03123454236404022,-0.06742103189891391,10.025046076581775,1.20551024715845,0.04476417027272869,4032372203323.5103,0.2,0.19230654755254825,0.06605603448275854
2024-01-01,2024-01-31,2024-02-01,2024-03-01,4,801170,420000,交通运输,0.795,-0.04783091232308945,-0.1367756526694447,11.811049039693572,1.2651900367353304,0.018998528468565357,2773855524674.4805,0.2,0.1322870391081593,0.054125248251222446
2024-01-01,2024-01-31,2024-02-01,2024-03-01,5,801720,620000,建筑装饰,0.7933333333333333,-0.05546182716715897,-0.188202698361709,7.360685708411249,0.8064135221124243,0.017742160764155676,1738582606726.4104,0.2,0.08291417604230573,0.025824948188975405
2024-02-01,2024-02-29,2024-03-01,2024-04-01,1,801780,480000,银行,0.9783333333333334,0.08328321197805177,0.05053292884397931,5.17484204151056,0.5809086424444058,0.052353695622311874,10916230245035.172,0.2,0.5013813255038198,0.0005904618654863913
2024-02-01,2024-02-29,2024-03-01,2024-04-01,2,801950,740000,煤炭,0.92,0.1888034022522791,0.32420873605176936,10.814587704683435,1.7191256183229924,0.05893177781228352,2050780558349.95,0.2,0.094192138822888,-0.045300709468775846
2024-02-01,2024-02-29,2024-03-01,2024-04-01,3,801960,750000,石油石化,0.8916666666666667,0.03240503342151957,0.0005761356689550912,10.692353583038814,1.2858279805199346,0.041968029587306804,4301030991628.58,0.2,0.19754590835939242,0.059036033383288
2024-02-01,2024-02-29,2024-03-01,2024-04-01,4,801110,330000,家用电器,0.7866666666666667,0.059923774047212275,0.0353189818285673,14.206166569866914,2.4496992235456525,0.02132428449071296,1610044728951.0103,0.2,0.07394918778751858,0.02211562071751616
2024-02-01,2024-02-29,2024-03-01,2024-04-01,5,801170,420000,交通运输,0.7716666666666666,-0.016427501570275727,-0.08677786052020053,12.322333070318017,1.3248858188599948,0.0181338630410414,2894224668650.71,0.2,0.13293143952638123,0.014142566912788368
2024-03-01,2024-03-29,2024-04-01,2024-05-06,1,801780,480000,银行,0.9450000000000002,0.12740971772003284,0.03871548910148159,5.16744817281002,0.5638192318585988,0.052714692272561675,10868473169341.51,0.2,0.4898996428736506,0.05796777359521954
2024-03-01,2024-03-29,2024-04-01,2024-05-06,2,801960,750000,石油石化,0.9033333333333333,0.14272379661787893,0.03021798469878134,12.13014135926209,1.3980921652749787,0.03811658204730727,4756946589584.91,0.2,0.21442077457397557,0.004523347110867659
2024-03-01,2024-03-29,2024-04-01,2024-05-06,3,801950,740000,煤炭,0.8916666666666667,0.0980824404134526,0.12779987670267734,10.342446690298448,1.6429821287408004,0.060769487827220074,1988763580664.83,0.2,0.08964410665116936,0.02241216322672135
2024-03-01,2024-03-29,2024-04-01,2024-05-06,4,801110,330000,家用电器,0.7983333333333333,0.129222168457636,0.055448414357679,14.33384851582311,2.4668954492478483,0.020838742816627332,1648422676583.7,0.2,0.07430313973090572,0.09372454231528526
2024-03-01,2024-03-29,2024-04-01,2024-05-06,5,801170,420000,交通运输,0.7583333333333333,0.026873021104885098,-0.02992975189066016,13.54876700025289,1.3428897046103774,0.018038653098338214,2922495213108.01,0.2,0.1317323361702987,0.03386172039464119
2024-04-01,2024-04-30,2024-05-06,2024-06-03,1,801780,480000,银行,0.9250000000000002,0.14262247331057276,0.12193540233860567,5.421053838034256,0.5689721875565185,0.050533611359330405,11338633546205.02,0.2,0.46772792632832344,0.018236475299146182
2024-04-01,2024-04-30,2024-05-06,2024-06-03,2,801960,750000,石油石化,0.8666666666666667,0.20476775036629324,0.10704181790064493,12.40172293008347,1.3799977049751344,0.037258778012611626,4866465156618.871,0.2,0.20074567600927629,-0.010315538994141948
2024-04-01,2024-04-30,2024-05-06,2024-06-03,3,801950,740000,煤炭,0.855,0.1318976088289392,0.19164329350290088,11.759207731419165,1.5929339379222394,0.0598992639456271,2017656584332.92,0.2,0.08322998766889163,0.06036586148887246
2024-04-01,2024-04-30,2024-05-06,2024-06-03,4,801110,330000,家用电器,0.8,0.2403838895778294,0.20213167791627673,14.995245762291546,2.5602071287559527,0.01910518092285607,1797895906111.5903,0.2,0.07416467958797467,-0.04986723014096672
2024-04-01,2024-04-30,2024-05-06,2024-06-03,5,801770,730000,通信,0.7666666666666666,0.21005758344719916,0.09998890983697462,19.457204276621127,1.7750986554218013,0.0282449243754322,4221291414720.7993,0.2,0.1741317304055338,-0.07108521543810453
2024-05-01,2024-05-31,2024-06-03,2024-07-01,1,801780,480000,银行,0.9683333333333334,0.07968194365006354,0.16282059436965812,5.475546959295414,0.5746927591029051,0.04953711226835152,11451482998699.133,0.2,0.49299156189277454,-0.019042923701448555
2024-05-01,2024-05-31,2024-06-03,2024-07-01,2,801960,750000,石油石化,0.8483333333333334,0.050089195144985776,0.08746128629127181,12.269431029683235,1.365143760701006,0.03802323686413359,4814084347572.62,0.2,0.2072485250917272,-0.020445390603802682
2024-05-01,2024-05-31,2024-06-03,2024-07-01,3,801950,740000,煤炭,0.8250000000000001,0.032040108031307746,0.2416835161359554,12.595638842170153,1.7095982554227416,0.05637426888614676,2150898420476.4902,0.2,0.0925971572331604,-0.055809038805644806
2024-05-01,2024-05-31,2024-06-03,2024-07-01,4,801170,420000,交通运输,0.8116666666666666,0.054004907759539256,0.04265453261831409,14.962406129007833,1.373182538132812,0.01938877767695806,3076368501259.4595,0.2,0.1324390659765133,-0.044589289682245625
2024-05-01,2024-05-31,2024-06-03,2024-07-01,5,801110,330000,家用电器,0.79,0.06656557140669128,0.13018361420838853,14.48490845253146,2.4715480988323804,0.02151338407331892,1735723548951.0898,0.2,0.07472368980582454,-0.059462356564919494
2024-06-01,2024-06-28,2024-07-01,2024-08-01,1,801780,480000,银行,0.985,0.06327425612064497,0.1946228408189623,5.525788959842103,0.579966011150377,0.055090993212656994,11556557956987.65,0.2,0.4593575067750819,-0.01523323036770774
2024-06-01,2024-06-28,2024-07-01,2024-08-01,2,801950,740000,煤炭,0.89,0.010930345013354659,0.12170556313759673,12.281756691243416,1.6612346929861332,0.06074010192668206,2090049502691.79,0.2,0.08307663338567779,-0.1045104439898158
2024-06-01,2024-06-28,2024-07-01,2024-08-01,3,801960,750000,石油石化,0.8600000000000001,0.007457894150990185,0.1184942250106944,12.640426113909598,1.4044283653052672,0.03295940309044606,4952618768016.519,0.2,0.1968598797108059,-0.04926555502051844
2024-06-01,2024-06-28,2024-07-01,2024-08-01,4,801170,420000,交通运输,0.7983333333333333,0.012715672840324821,0.01294452277204372,14.550671238007471,1.3347991400517756,0.015087132031844903,3003800823348.4097,0.2,0.11939700923041356,0.001385766338475758
2024-06-01,2024-06-28,2024-07-01,2024-08-01,5,801160,410000,公用事业,0.76,0.06866036814243426,0.12159909108963007,18.506786751148503,1.9283134118545662,0.013430418101380475,3555063948970.92,0.2,0.14130897089802083,-0.012512772339233313
2024-07-01,2024-07-31,2024-08-01,2024-09-02,1,801780,480000,银行,0.9700000000000001,-0.0010511520984329836,0.13388134212580982,5.534155766194354,0.5811528421866876,0.051237535211283686,11580206530354.87,0.2,0.4782718446000221,-0.018987644004058946
2024-07-01,2024-07-31,2024-08-01,2024-09-02,2,801960,750000,石油石化,0.7916666666666667,-0.08629608612337891,0.06516591085587176,11.46434406255939,1.2742513930074397,0.04088534420708181,4500768936462.569,0.2,0.18588537740824454,-0.011698475164271693
2024-07-01,2024-07-31,2024-08-01,2024-09-02,3,801720,620000,建筑装饰,0.7666666666666667,-0.08416098965005281,-0.047844863614833755,6.831817558354251,0.734133877062411,0.02243900019385258,1642774084619.7598,0.2,0.06784789111080977,-0.06814172731626977
2024-07-01,2024-07-31,2024-08-01,2024-09-02,4,801170,420000,交通运输,0.7616666666666666,-0.017984247789288088,0.04878962258898789,14.572110523207076,1.3397202505773196,0.015844013651300014,3013034823362.2393,0.2,0.1244407618323712,-0.04804277350365305
2024-07-01,2024-07-31,2024-08-01,2024-09-02,5,801160,410000,公用事业,0.7566666666666667,0.0353947294874386,0.13145109757931128,18.583018829495337,1.898305933923574,0.014793911839875183,3475819108141.059,0.2,0.14355412504855258,-0.04678418691978725
2024-08-01,2024-08-30,2024-09-02,2024-10-08,1,801780,480000,银行,0.9666666666666668,-0.04213514982258437,0.027164987487963144,5.509210754329603,0.5798798337724025,0.0513699428751725,11550358179194.342,0.2,0.4157100893309739,0.22423318669416914
2024-08-01,2024-08-30,2024-09-02,2024-10-08,2,801960,750000,石油石化,0.8516666666666667,-0.06647434091281823,-0.009998840455611835,11.149672026477244,1.2894559714429454,0.040614363065920485,4531053354961.26,0.2,0.16307759168432465,0.1957042304622305
2024-08-01,2024-08-30,2024-09-02,2024-10-08,3,801790,490000,非银金融,0.7766666666666666,-0.018742464388595503,-0.06261078273823895,16.028080872295774,1.1201926839970104,0.021231870801711357,5451735174614.53,0.2,0.19621394257107794,0.5149422234028422
2024-08-01,2024-08-30,2024-09-02,2024-10-08,4,801160,410000,公用事业,0.7416666666666666,-0.05076769756892319,0.04135950606306671,17.020277809783927,1.7965055999384907,0.016213440317692427,3362595357275.54,0.2,0.12102350374509654,0.19048244346981136
2024-08-01,2024-08-30,2024-09-02,2024-10-08,5,801170,420000,交通运输,0.7183333333333334,-0.08483211760120268,-0.01651557310833862,13.40956180687977,1.2906407568613005,0.015694744431313724,2888905157174.23,0.2,0.10397487266852694,0.27727824906857235
2024-09-01,2024-09-30,2024-10-08,2024-11-01,1,801790,490000,非银金融,0.8166666666666667,0.4106699280619259,0.33117804762655734,21.810346665058663,1.5494673830852883,0.01612253482687037,7159596075489.001,0.2,0.2725313599231622,-0.07322656691409979
2024-09-01,2024-09-30,2024-10-08,2024-11-01,2,801180,430000,房地产,0.7366666666666666,0.27064434982412955,0.12637198212199885,23.271459278171253,0.8437985347546697,0.008291281915239753,1301708631607.4097,0.2,0.049549781838978395,-0.052200401992757994
2024-09-01,2024-09-30,2024-10-08,2024-11-01,3,801110,330000,家用电器,0.7200000000000001,0.17301335885209568,0.17673460154922438,15.946512487603906,2.811377890320763,0.026106249519437612,1964117215078.7397,0.2,0.0747644881121793,-0.10788863600275234
2024-09-01,2024-09-30,2024-10-08,2024-11-01,4,801780,480000,银行,0.7200000000000001,0.0797224672671557,0.1457847686911644,5.971471967328776,0.629887028780892,0.04734053062317801,12535376002862.648,0.2,0.4771614254753887,-0.09885115170612546
2024-09-01,2024-09-30,2024-10-08,2024-11-01,5,801170,420000,交通运输,0.6383333333333333,0.09874409273508156,0.12569903655593295,15.326196711923368,1.4896554331309404,0.013833185646588253,3309925846008.54,0.2,0.12599294465029157,-0.12124492126720599
2024-10-01,2024-10-31,2024-11-01,2024-12-02,1,801790,490000,非银金融,0.8533333333333333,0.4391763503539119,0.4108305070909617,15.425480187058211,1.4705389087996033,0.01651640580847676,7445087215166.281,0.2,0.2706324663375467,0.0074156216824159404
2024-10-01,2024-10-31,2024-11-01,2024-12-02,2,801180,430000,房地产,0.7483333333333333,0.40974583225866956,0.37410367898709285,22.9647544168014,0.8654210672496311,0.008118296355796474,1329445583549.2998,0.2,0.04832598017180787,-0.014852894457807464
2024-10-01,2024-10-31,2024-11-01,2024-12-02,3,801770,730000,通信,0.7133333333333333,0.2876321708790137,0.2652178642128391,19.54398131914995,1.9106292920375425,0.029957616434593045,4545930666926.889,0.2,0.16524674495199113,-0.0120276338514681
2024-10-01,2024-10-31,2024-11-01,2024-12-02,4,801720,620000,建筑装饰,0.705,0.2249977296806418,0.11670428769323316,8.25894870121496,0.8407739850847127,0.017815558482136642,1921128705857.8403,0.2,0.06983394348410658,0.010757518908351305
2024-10-01,2024-10-31,2024-11-01,2024-12-02,5,801780,480000,银行,0.6116666666666667,0.07338472236606552,0.08847119825002014,5.791326152481855,0.6006210076504258,0.048776602504542264,12268363732609.094,0.2,0.4459608650545478,0.010680455015511958
2024-11-01,2024-11-29,2024-12-02,2025-01-02,1,801790,490000,非银金融,0.8333333333333334,0.4486584688377402,0.3606300767148014,15.554760502437267,1.4803540156162345,0.017499488724746035,7494268129883.991,0.2,0.45789356848377566,-0.029553694863969415
2024-11-01,2024-11-29,2024-12-02,2025-01-02,2,801720,620000,建筑装饰,0.665,0.24725502635174723,0.0950855845240901,8.311539299025796,0.8470355250871845,0.017672095133637843,1936531623349.0103,0.2,0.11832047641330969,-0.028470950252765803
2024-11-01,2024-11-29,2024-12-02,2025-01-02,3,801180,430000,房地产,0.6599999999999999,0.43174812198844736,0.12572418239748484,22.956759163545907,0.8572665637347372,0.00832120356466301,1318909137832.4502,0.2,0.08058425468122517,-0.096257177198809
2024-11-01,2024-11-29,2024-12-02,2025-01-02,4,801770,730000,通信,0.65,0.29249660172179426,0.20016997786921786,19.818236643853105,1.9330371398414643,0.02962953273990247,4596518588892.119,0.2,0.2808434743450261,0.0377773426847261
2024-11-01,2024-11-29,2024-12-02,2025-01-02,5,801200,450000,商贸零售,0.6483333333333333,0.5379951328832855,0.28876651094200945,26.515411631212423,1.7998989296069543,0.00620832786079392,1020606749009.1799,0.2,0.062358226076663296,-0.007633926984465411
2024-12-01,2024-12-31,2025-01-02,2025-02-05,1,801790,490000,非银金融,0.795,0.1865796902418555,0.4025054670885029,15.195267535001244,1.4452415077766203,0.01900159689888625,7316522262851.15,0.2,0.25379633319896217,-0.052306203634017834
2024-12-01,2024-12-31,2025-01-02,2025-02-05,2,801720,620000,建筑装饰,0.7233333333333334,0.17264911970794317,0.16211122133395572,8.148438763142794,0.8284494149110344,0.018030260102785484,1899690035883.7505,0.2,0.06589665800237987,-0.053241229525504474
2024-12-01,2024-12-31,2025-01-02,2025-02-05,3,801770,730000,通信,0.7016666666666668,0.26002733477482654,0.26967633552634385,21.79489476590387,2.1062609190318407,0.026714416293461857,5009166975686.909,0.2,0.17375853788699613,-0.006940162992760013
2024-12-01,2024-12-31,2025-01-02,2025-02-05,4,801780,480000,银行,0.6816666666666666,0.0908758594517367,0.15367703476361916,6.407301098503044,0.6645825350428649,0.04601631875154651,13579072579597.133,0.2,0.4710323709998991,0.004643251195292297
2024-12-01,2024-12-31,2025-01-02,2025-02-05,5,801200,450000,商贸零售,0.6533333333333333,0.3541230691069204,0.5034617063425444,26.30606849633489,1.7823416634339344,0.006208187544040966,1023869543025.8501,0.2,0.03551609991176272,-0.07128016836072182
2025-01-01,2025-01-27,2025-02-05,2025-03-03,1,801780,480000,银行,0.8833333333333333,0.06161968496053216,0.14851485148514842,6.2965243478400605,0.6555745173827523,0.06322937566071282,13389636899507.652,0.2,0.6150209099680718,-0.010540124162967679
2025-01-01,2025-01-27,2025-02-05,2025-03-03,2,801770,730000,通信,0.7033333333333333,0.02523030553462502,0.2812075556847722,21.07763308901372,2.03819047014993,0.027603576096325706,4847812885004.19,0.2,0.22267267695659862,0.040042339099547686
2025-01-01,2025-01-27,2025-02-05,2025-03-03,3,801200,450000,商贸零售,0.6666666666666667,0.06513690129820637,0.3844434181375207,25.71002214294269,1.6473778874185023,0.0067172206291532454,946051564057.5398,0.2,0.0434546133080562,0.023393166225513573
2025-01-01,2025-01-27,2025-02-05,2025-03-03,4,801040,230000,钢铁,0.6466666666666666,-0.014886019282113527,0.12806616453159703,15.415180597918487,0.9042887936448294,0.015905627414844206,813250018146.8701,0.2,0.03735469228524266,0.0639131038378502
2025-01-01,2025-01-27,2025-02-05,2025-03-03,5,801720,620000,建筑装饰,0.6383333333333333,-0.053432761922083905,0.13569133781899723,7.656384303014557,0.7770170024386176,0.02083901715526229,1774275735765.13,0.2,0.08149710748203076,0.030278892924658463
2025-02-01,2025-02-28,2025-03-03,2025-04-01,1,801780,480000,银行,0.81,0.0799463984364357,0.14261215893447532,6.266865208241437,0.6530430775200521,0.06351046305860074,13339029443818.467,0.2,0.5186306700595892,0.02354525086843018
2025-02-01,2025-02-28,2025-03-03,2025-04-01,2,801040,230000,钢铁,0.7433333333333333,0.05269259341626498,0.2351830774782777,15.728062681097223,0.9673416804441155,0.014870111339911403,869882645148.7197,0.2,0.033821637550680864,0.002852720433397682
2025-02-01,2025-02-28,2025-03-03,2025-04-01,3,801770,730000,通信,0.7066666666666667,0.0821388922280597,0.3655974907307844,21.30597057066626,2.0693752316978657,0.027198566010000435,4927238037711.399,0.2,0.1915744152004689,-0.03829191756424388
2025-02-01,2025-02-28,2025-03-03,2025-04-01,4,801110,330000,家用电器,0.6483333333333334,0.02978615505769744,0.2326599105507765,15.60708298854278,2.563733463357341,0.026318146126251357,1953306022776.9905,0.2,0.07594588614494166,0.043130884419514626
2025-02-01,2025-02-28,2025-03-03,2025-04-01,5,801880,280000,汽车,0.6266666666666667,0.12313923777077185,0.4067786827167277,26.54864063070285,2.584809698892986,0.009274946337872562,4630251947032.14,0.2,0.1800273910443193,0.008081012715214664
2025-03-01,2025-03-31,2025-04-01,2025-05-06,1,801780,480000,银行,0.8233333333333335,0.04340888580808011,0.2556662217633283,6.359405603246232,0.6568100506746635,0.06212381502117697,13640702359318.428,0.2,0.5921251275615016,-0.0006250439287901477
2025-03-01,2025-03-31,2025-04-01,2025-05-06,2,801040,230000,钢铁,0.76,0.031466696391663884,0.3384884281581486,16.396962417644875,0.9639217496599931,0.014975506942069193,863760533042.3501,0.2,0.037494720017910245,-0.03901237448290107
2025-03-01,2025-03-31,2025-04-01,2025-05-06,3,801050,240000,有色金属,0.6683333333333333,0.09154188642439132,0.28806456082017173,18.087678632087187,2.287400127968755,0.012178608144667405,3017371792156.7095,0.2,0.13098018051180033,-0.03908224811656158
2025-03-01,2025-03-31,2025-04-01,2025-05-06,4,801710,610000,建筑材料,0.655,0.0007762464123770574,0.29313758646305743,20.870473868831372,1.0526328002233538,0.02134169617047776,717991568713.63,0.2,0.031167079085353155,-0.0258764382663077
2025-03-01,2025-03-31,2025-04-01,2025-05-06,5,801880,280000,汽车,0.6383333333333333,0.11808623390266093,0.41334576920264876,25.880319956329952,2.6452660282193863,0.009050838965246735,4797031539806.26,0.2,0.20823289282343477,-0.0317648832035905
2025-04-01,2025-04-30,2025-05-06,2025-06-03,1,801780,480000,银行,0.8966666666666667,0.05033003955183424,0.05945064593001392,6.432888226884631,0.6477602705263649,0.0661283759126168,13748587261694.209,0.2,0.5757701775277824,0.05961474217766871
2025-04-01,2025-04-30,2025-05-06,2025-06-03,2,801040,230000,钢铁,0.7133333333333334,0.05321068266859097,0.040588387550485105,21.657831624348894,0.9226593874886286,0.015533387507426014,832738633279.9702,0.2,0.034873842787740195,-0.012858163346297302
2025-04-01,2025-04-30,2025-05-06,2025-06-03,3,801880,280000,汽车,0.6416666666666667,0.058747035993325536,0.12478864156063962,23.948334501908384,2.39627079476594,0.009328637551621612,4625195791193.619,0.2,0.1936962504661108,-0.0007005051997377443
2025-04-01,2025-04-30,2025-05-06,2025-06-03,4,801010,110000,农林牧渔,0.6083333333333335,0.07155870821679522,0.0053216847996711,18.12818897232684,2.334821964144667,0.006113688343183239,1283481478754.4702,0.2,0.05375027592362371,0.016547318411918477
2025-04-01,2025-04-30,2025-05-06,2025-06-03,5,801160,410000,公用事业,0.6016666666666667,0.035920941855648314,-0.023882777117864906,16.917155033335153,1.6885739642620776,0.01841366513128442,3388599441290.0107,0.2,0.14190945329474305,0.017882024085641435
2025-05-01,2025-05-30,2025-06-03,2025-07-01,1,801780,480000,银行,0.99,0.09116283409224613,0.14283736686101434,6.6371600969737345,0.668329387154634,0.06774003537708535,14185163843160.371,0.2,0.6173292734308254,0.05013547244682437
2025-05-01,2025-05-30,2025-06-03,2025-07-01,2,801130,350000,纺织服饰,0.74,0.04534338562144491,0.06342563002975776,18.88796929735696,1.7615253607090042,0.008755239451972034,628486138581.3501,0.2,0.027351315471681546,0.024287966504703773
2025-05-01,2025-05-30,2025-06-03,2025-07-01,3,801160,410000,公用事业,0.7383333333333334,0.044879676796065526,-0.007632314301205256,17.309317262685866,1.7287234848204236,0.017825574095855615,3467354811797.551,0.2,0.1508970675531491,-0.0016552804710598945
2025-05-01,2025-05-30,2025-06-03,2025-07-01,4,801170,420000,交通运输,0.7216666666666666,0.04436783646736675,-0.01861268432957497,13.785195051642807,1.3957207447801732,0.013581758727847398,3364453128380.1504,0.2,0.14641885199207175,-0.008641300941140684
2025-05-01,2025-05-30,2025-06-03,2025-07-01,5,801010,110000,农林牧渔,0.6716666666666666,0.0727604410506435,0.004975726319928597,18.266128611877626,2.3842356030187726,0.007439641531967905,1332820370839.8198,0.2,0.05800349155227218,0.010231861699714129
2025-06-01,2025-06-30,2025-07-01,2025-08-01,1,801780,480000,银行,1,0.11336224045284449,0.16352029135768675,7.226429727998826,0.7275148205840656,0.05985002351253075,15461563882131.148,0.2,0.4753954372958736,-0.021117047811885392
2025-06-01,2025-06-30,2025-07-01,2025-08-01,2,801770,730000,通信,0.7549999999999999,0.09885850755935155,0.09040608933161964,21.589865713518186,2.0716555943522628,0.027963045573368685,5107610487533.93,0.2,0.15704328098817777,0.10427144970414193
2025-06-01,2025-06-30,2025-07-01,2025-08-01,3,801790,490000,非银金融,0.7333333333333334,0.05006034410171489,-0.01949345326078966,13.29995271481055,1.4488506025821453,0.023136986654732197,7418407756625.459,0.2,0.2280931752043416,0.04342021648697281
2025-06-01,2025-06-30,2025-07-01,2025-08-01,4,801050,240000,有色金属,0.6833333333333333,0.030354145160931933,0.1359640624408407,18.24548253895697,2.320637991005775,0.01227607330661034,3210727062928.6904,0.2,0.09871996181981907,0.05401767723205375
2025-06-01,2025-06-30,2025-07-01,2025-08-01,5,801010,110000,农林牧渔,0.6166666666666667,0.036933824956336014,0.015149385019321393,18.125278150632266,2.374340356410391,0.010789337167217677,1325275744786.5203,0.2,0.040748144691787926,0.038342054241804924
2025-07-01,2025-07-31,2025-08-01,2025-09-01,1,801770,730000,通信,0.7816666666666666,0.3276443855678828,0.2014932331628303,22.003154370108682,2.1090101672776953,0.02650373900630324,5197812516723.33,0.2,0.1591858804899877,0.3758128345529339
2025-07-01,2025-07-31,2025-08-01,2025-09-01,2,801790,490000,非银金融,0.7466666666666666,0.15998316278738867,0.11222970053889347,13.771322982069744,1.4962457804510423,0.01925239276563665,7693698141556.11,0.2,0.2356237569068483,0.0863793156391699
2025-07-01,2025-07-31,2025-08-01,2025-09-01,3,801040,230000,钢铁,0.7116666666666667,0.14770591231075492,0.2234379626887768,24.900488596791906,1.0651662476103467,0.009877424843694737,958924702067.2699,0.2,0.029367598875691153,0.019118082993921037
2025-07-01,2025-07-31,2025-08-01,2025-09-01,4,801050,240000,有色金属,0.7116666666666667,0.16789697860794672,0.19095757013679582,19.185058148065572,2.4464703275294952,0.009936042803405957,3382969299027.3306,0.2,0.10360530411661374,0.21011993808210438
2025-07-01,2025-07-31,2025-08-01,2025-09-01,5,801780,480000,银行,0.7000000000000001,0.06917719364878927,0.12581706560157047,7.208450669053281,0.7264644579979835,0.041134966376496086,15419067411164.004,0.2,0.4722174596108591,-0.01578685213027964
2025-08-01,2025-08-29,2025-09-01,2025-10-09,1,801770,730000,通信,0.7949999999999999,0.7020957716026632,0.503943308161082,24.67759694431148,2.4170194080815186,0.02293906033666414,6005545292761.76,0.2,0.297678958831148,-0.004706140092865074
2025-08-01,2025-08-29,2025-09-01,2025-10-09,2,801790,490000,非银金融,0.735,0.2113085197024196,0.15858560997620819,14.504275350484503,1.60460669064684,0.01761807455462382,8278403259567.86,0.2,0.41033850266064453,-0.06605675736790528
2025-08-01,2025-08-29,2025-09-01,2025-10-09,3,801710,610000,建筑材料,0.7016666666666667,0.20701900453321254,0.19238808886546122,23.034743097103632,1.2938770353501217,0.01737561606707392,877385034631.5402,0.2,0.043489650126847954,-0.005190081009402436
2025-08-01,2025-08-29,2025-09-01,2025-10-09,4,801050,240000,有色金属,0.6983333333333334,0.35477479076095,0.40461777022409895,21.955304728902114,2.9286718383726082,0.008255569309371606,4053852695053.4,0.2,0.20093873090471603,0.15816290533845834
2025-08-01,2025-08-29,2025-09-01,2025-10-09,5,801040,230000,钢铁,0.605,0.19238663484486884,0.10000220172174656,23.88404013312644,1.0664580435612891,0.009872253076992934,959384726775.7401,0.2,0.04755415747664348,0.006626369203919236
2025-09-01,2025-09-30,2025-10-09,2025-11-03,1,801770,730000,通信,0.8133333333333332,0.5032503213068342,0.6453339222915002,23.86031542288868,2.337531792050957,0.024460713511806297,5807246261552.559,0.2,0.2773177407622113,-0.022080778065149964
2025-09-01,2025-09-30,2025-10-09,2025-11-03,2,801710,610000,建筑材料,0.6683333333333333,0.1618881337186484,0.16472941860205204,22.501058379024858,1.2723074859473453,0.01751452093365493,861763146008.26,0.2,0.04115241509652369,0.009424544359234455
2025-09-01,2025-09-30,2025-10-09,2025-11-03,3,801720,620000,建筑装饰,0.6666666666666666,0.08358955839867921,0.12056998660926244,9.078123601610208,0.819471091647393,0.01706740611002229,1935854932757.0098,0.2,0.09244431736084688,0.021568506857545744
2025-09-01,2025-09-30,2025-10-09,2025-11-03,4,801050,240000,有色金属,0.6616666666666667,0.3828536471128019,0.4962033852028207,24.622794831031598,3.301846865566312,0.00872509587175329,4576063772631.25,0.2,0.21852416960713283,0.0021639345999102666
2025-09-01,2025-09-30,2025-10-09,2025-11-03,5,801790,490000,非银金融,0.6216666666666667,0.07007220177876006,0.1328646309536654,13.35295897448961,1.501522331807533,0.018796388458843065,7759839129677.63,0.2,0.37056135717328537,0.01303909205548548
2025-10-01,2025-10-31,2025-11-03,2025-12-01,1,801770,730000,通信,0.8016666666666666,0.3677354737848597,0.7861769217658086,23.075800405651943,2.353896732951584,0.024565393963359664,5787280621849.041,0.2,0.37165140992180734,0.031822416369506
2025-10-01,2025-10-31,2025-11-03,2025-12-01,2,801950,740000,煤炭,0.7300000000000001,0.10624640627759896,0.14812156764852702,15.57198821801655,1.6043236881957175,0.04011994299217929,1979251827264.34,0.2,0.1271049012926702,-0.035102493599434514
2025-10-01,2025-10-31,2025-11-03,2025-12-01,3,801050,240000,有色金属,0.6833333333333333,0.35112389531656896,0.6383384886173915,23.681786078346857,3.2718722357269705,0.009190636354454633,4811133764344.588,0.2,0.3089645662058444,0.0020231519412217125
2025-10-01,2025-10-31,2025-11-03,2025-12-01,4,801040,230000,钢铁,0.6599999999999999,0.062159457806189256,0.23227210347226146,22.087366487899356,1.115380963044816,0.010493022344246808,1006916686520.2201,0.2,0.06466284092155705,-0.02157055462335611
2025-10-01,2025-10-31,2025-11-03,2025-12-01,5,801720,620000,建筑装饰,0.65,0.042850362736456704,0.15298615350017686,9.654232134614924,0.8264481604469134,0.016628664135769432,1987214938933.9287,0.2,0.127616281658121,-0.016282903877146704
2025-11-01,2025-11-28,2025-12-01,2026-01-05,1,801770,730000,通信,0.7799999999999999,0.08510389062144297,0.7410756714967623,23.56849654756714,2.3977498502282932,0.024050967445385856,5911064857372.85,0.2,0.3100489664621967,0.12346087968199582
2025-11-01,2025-11-28,2025-12-01,2026-01-05,2,801950,740000,煤炭,0.7566666666666667,0.04146439391174228,0.11378718088843787,15.081083638828273,1.555050277129163,0.05033715648931068,1918463541505.35,0.2,0.1006278314637718,-0.03174224845600038
2025-11-01,2025-11-28,2025-12-01,2026-01-05,3,801960,750000,石油石化,0.7533333333333334,0.025082796551592512,0.11368903099185923,12.938047415131093,1.2535195844847093,0.03910386880835167,4612134865658.411,0.2,0.2419170966290506,0.07672336578983208
2025-11-01,2025-11-28,2025-12-01,2026-01-05,4,801050,240000,有色金属,0.7066666666666667,0.18121525609680145,0.5737464946957671,22.954363141788953,3.1773917276057175,0.009878803335391269,4673769325929.7295,0.2,0.24514996603019445,0.12732519112560015
2025-11-01,2025-11-28,2025-12-01,2026-01-05,5,801720,620000,建筑装饰,0.7033333333333334,0.003106821787413949,0.12522311143124987,9.401430361594583,0.8096876078988742,0.01694488781334436,1949507134445.0398,0.2,0.10225613941478652,0.0016382946670683296
2025-12-01,2025-12-31,2026-01-05,2026-02-02,1,801960,750000,石油石化,0.8683333333333334,0.16210970843254402,0.173348211450707,13.929516186010577,1.3480908229410846,0.036353172577061985,4960095183877.18,0.2,0.13783221289646042,0.1128110372957245
2025-12-01,2025-12-31,2026-01-05,2026-02-02,2,801040,230000,钢铁,0.77,0.10694150297290883,0.253074528164138,23.09149472931866,1.1479104738882007,0.0102190970949465,1034397722659.76,0.2,0.028744070797812375,0.046157413120627044
2025-12-01,2025-12-31,2026-01-05,2026-02-02,3,801770,730000,通信,0.7666666666666666,0.10026439048194269,0.6888209454170389,24.44715958288685,2.4927615182028853,0.02313698283248739,6147089749313.45,0.2,0.17081667823131047,0.06321330715626416
2025-12-01,2025-12-31,2026-01-05,2026-02-02,4,801790,490000,非银金融,0.7216666666666667,0.05489821490930735,0.0981006398913733,11.388753175366793,1.500652573593979,0.01851783610698362,8133537399533.299,0.2,0.22601652123487878,-0.013170715154805501
2025-12-01,2025-12-31,2026-01-05,2026-02-02,5,801780,480000,银行,0.7066666666666667,0.04160182074886776,-0.05394952889717153,7.245922891918021,0.7015664770551051,0.052727185869167754,15711352770117.592,0.2,0.4365905168395379,-0.06637949550151545
2026-01-01,2026-01-30,2026-02-02,2026-03-02,1,801960,750000,石油石化,0.8833333333333333,0.2805918308276436,0.3038741077503826,15.568145303017575,1.51082024660892,0.03243758956248454,5558834631371.11,0.2,0.34527323315232233,0.12978790102277404
2026-01-01,2026-01-30,2026-02-02,2026-03-02,2,801770,730000,通信,0.7866666666666666,0.218947136956833,0.6671972398843522,25.037485879526308,2.5648856248363137,0.022486374583238294,6324946223462.87,0.2,0.3928583555562516,-0.025036694331148635
2026-01-01,2026-01-30,2026-02-02,2026-03-02,3,801710,610000,建筑材料,0.7016666666666667,0.1511629669201362,0.21364132942146874,26.270079993438504,1.5375222100624562,0.014962992974997891,1054824532127.8196,0.2,0.06551781097440668,0.07545526616263443
2026-01-01,2026-01-30,2026-02-02,2026-03-02,4,801720,620000,建筑装饰,0.6950000000000001,0.05038684090761336,0.09539629805410543,10.054004444578746,0.8638475184655742,0.016686985564338383,2087470352449.1597,0.2,0.12965804624448124,0.025571754209008368
2026-01-01,2026-01-30,2026-02-02,2026-03-02,5,801040,230000,钢铁,0.6566666666666666,0.08639818759463447,0.15392810989714367,24.00959525272068,1.2019600224830544,0.009844686454479544,1073737676819.74,0.2,0.06669255407253807,0.11472222023635048
2026-02-01,2026-02-27,2026-03-02,2026-04-01,1,801960,750000,石油石化,0.8350000000000001,0.23235671642387867,0.3503321181955201,15.594091709804763,1.5136086479250315,0.032377839754684105,5569092860559.2,0.2,0.3205725500258895,-0.09307700516823447
2026-02-01,2026-02-27,2026-03-02,2026-04-01,2,801770,730000,通信,0.7533333333333334,0.24514998266340782,0.5128204469560749,25.24261620411881,2.592628721999121,0.022250639025188177,6393359793978.08,0.2,0.36801965844447276,0.04313296309529191
2026-02-01,2026-02-27,2026-03-02,2026-04-01,3,801710,610000,建筑材料,0.7316666666666667,0.25556394065894183,0.29056399984289705,28.880526030540185,1.6806121148328135,0.013684016231256476,1153413719872.12,0.2,0.06639371737412997,-0.07814632171242863
2026-02-01,2026-02-27,2026-03-02,2026-04-01,4,801720,620000,建筑装饰,0.7083333333333334,0.09791141705496198,0.13703050359852065,10.321296070080617,0.8907805688059592,0.016158860317937212,2156520077781.4402,0.2,0.12413532290194375,-0.016528889813178127
2026-02-01,2026-02-27,2026-03-02,2026-04-01,5,801950,740000,煤炭,0.6816666666666668,0.08372983953428137,0.18822544601149493,16.401857987670024,1.7021544967987017,0.045511371296407754,2099945832995.27,0.2,0.12087875125356394,-0.013584062351861936
2026-03-01,2026-03-31,2026-04-01,2026-05-06,1,801960,750000,石油石化,0.905,0.22139363552645053,0.29947092251083207,16.685000458729203,1.5636747571107334,0.030972840338091997,5821719747038.51,0.2,0.38146375139508526,0.03690504607667444
2026-03-01,2026-03-31,2026-04-01,2026-05-06,2,801950,740000,煤炭,0.89,0.14769741539340275,0.19672503387382556,18.35850542225078,1.8102034112191605,0.04420772217943413,2276996111949.88,0.2,0.1491984356028602,0.04969215454372389
2026-03-01,2026-03-31,2026-04-01,2026-05-06,3,801720,620000,建筑装饰,0.7833333333333333,0.06230841473472437,0.05064311713784586,10.72623231187903,0.8483585115097318,0.016998909580898818,2049949530224.7998,0.2,0.13432138130110716,-0.009189710695924447
2026-03-01,2026-03-31,2026-04-01,2026-05-06,4,801710,610000,建筑材料,0.7216666666666667,0.10341214038063962,0.10539041035861119,27.932112387679656,1.4855593800176943,0.015573791027678884,1012804164171.12,0.2,0.06636322129553097,0.08142977365158233
2026-03-01,2026-03-31,2026-04-01,2026-05-06,5,801160,410000,公用事业,0.7183333333333333,0.07334684313335305,0.08245075152557657,19.20512819482847,1.8866611514652727,0.015303638641599678,4100058509891.3696,0.2,0.2686532104054165,-0.0004702996373049384
2026-04-01,2026-04-30,2026-05-06,2026-06-01,1,801960,750000,石油石化,0.8833333333333333,0.11712269672897024,0.310962109658907,16.68511216514584,1.5704003884047226,0.030850621716896842,5845137285809.601,0.2,0.16837680587514464,-0.13905569101473336
2026-04-01,2026-04-30,2026-05-06,2026-06-01,2,801950,740000,煤炭,0.8250000000000001,0.17550641183424576,0.1344470057646434,19.652273944825733,1.9292142693078813,0.04212214353027032,2424939485167.66,0.2,0.06985354577458737,-0.01756659938105165
2026-04-01,2026-04-30,2026-05-06,2026-06-01,3,801770,730000,通信,0.7550000000000001,0.2637931799033302,0.49242054506722743,29.516492103976184,2.857047691553914,0.019661349998205447,7150771201734.059,0.2,0.20598729433010793,0.17382897935844288
2026-04-01,2026-04-30,2026-05-06,2026-06-01,4,801780,480000,银行,0.745,0.02731209656365663,-0.056451593945334944,6.97189880778173,0.6721892305880799,0.03896300444290443,15203545266526.08,0.2,0.43795795800564585,-0.025337623143041554
2026-04-01,2026-04-30,2026-05-06,2026-06-01,5,801160,410000,公用事业,0.7116666666666667,0.04562260036972088,0.049819156699133726,19.379553679105747,1.8842260184789028,0.015420542537198562,4090229451395.5806,0.2,0.1178243960145142,0.08491208787072346
2026-05-01,2026-05-29,2026-06-01,2026-07-01,1,801950,740000,煤炭,0.8116666666666668,0.0625022166765008,0.1022604879549911,18.95298185335908,1.8572301985666058,0.044945507352884766,2334458527238.7104,0.2,0.07395588620721065,-0.1558456492005278
2026-05-01,2026-05-29,2026-06-01,2026-07-01,2,801780,480000,银行,0.805,0.00487387530895278,-0.08201465528167518,6.780514029717529,0.6537370425933373,0.04360751713833352,14786194832255.78,0.2,0.46842817282576465,-0.06292604846916594
2026-05-01,2026-05-29,2026-06-01,2026-07-01,3,801160,410000,公用事业,0.765,0.1320986532558499,0.13443358880162148,21.228138582035147,2.0730031433788354,0.014499698579682859,4496596499327.87,0.2,0.1424526395066811,-0.14675891069699998
2026-05-01,2026-05-29,2026-06-01,2026-07-01,4,801720,620000,建筑装饰,0.74,-0.07808719867722569,-0.022126017686045052,10.206952630107585,0.8024555910312255,0.018914772900680034,1929734539909.4104,0.2,0.0611341886687846,-0.041791030678555274
2026-05-01,2026-05-29,2026-06-01,2026-07-01,5,801770,730000,通信,0.6916666666666667,0.4772257620113656,0.8315583378526683,33.31665108327909,3.2037717423497396,0.017847875261216027,8018569703317.541,0.2,0.25402911279155893,0.11289533108339378
