symbol,name,tradeCount,tradedDays,averageTradeReturn,winRate,averageWin,averageLoss,profitLossRatio,compoundedSignalReturn,rollingMomentumTrades,tailMomentumTrades
300145,南方泵业,6,6,0.021722741675497,0.6666666666666666,0.03712387665014605,-0.009079528273801096,4.088745090123975,0.12976657012915505,6,0
002057,中钢天源,3,3,0.021949659108522496,0.6666666666666666,0.0398969745793053,-0.013944971833043107,2.861029413108458,0.06629854687710068,1,2
001400,江顺科技,1,1,0.06362966071234799,1,0.06362966071234799,,,0.0636296607123481,1,0
300811,铂科新材,2,2,0.0297446975632491,0.5,0.06092589573533458,-0.0014365006088363766,42.41271835219549,0.05940187504018035,2,0
688380,中微半导,1,1,0.05885850151692951,1,0.05885850151692951,,,0.05885850151692962,1,0
300088,长信科技,2,2,0.02857811846982361,0.5,0.060124692096115484,-0.002968455156468263,20.254539458042274,0.0569777594873635,2,0
603444,吉比特,4,4,0.012024371781986065,0.75,0.01606489028209394,-0.00009718371833755592,165.30433859604426,0.048790011980605286,4,0
002472,双环传动,5,5,0.009317117304994094,0.6,0.01797232198602287,-0.003665689716549069,4.902848679440949,0.047125597691925813,5,0
688209,英集芯,6,6,0.007729540483666568,0.5,0.02299127003092098,-0.007532189063587842,3.052402141903942,0.046447787326676426,6,0
000417,合百集团,5,5,0.009240143310980487,0.6,0.019677158538282558,-0.006415379529972619,3.0671854169111863,0.04566095188424368,4,1
600779,水井坊,1,1,0.045657388044045066,1,0.045657388044045066,,,0.04565738804404518,1,0
688372,伟测科技,1,1,0.044179946727962105,1,0.044179946727962105,,,0.044179946727961994,1,0
689009,九号公司-WD,3,3,0.014180923551466607,0.6666666666666666,0.02162183184871258,-0.0007008930430253404,30.848974838420325,0.04254278877074347,3,0
002940,昂利康,7,7,0.005922200326410855,0.5714285714285714,0.015733711102891346,-0.007159814042229799,2.1975027577659483,0.04155361269240054,7,0
688099,晶晨股份,5,5,0.00809321086540995,1,0.00809321086540995,,,0.041097773346166155,5,0
002768,国恩股份,5,5,0.008093905462389705,1,0.008093905462389705,,,0.041055255410130664,4,1
000021,深科技,4,4,0.009817277347208858,0.75,0.01436489929265102,-0.0038255884891176253,3.754951514914322,0.03965918903467025,4,0
601319,中国人保,2,2,0.019312131213552797,1,0.019312131213552797,,,0.03898969897528892,2,0
603538,美诺华,1,1,0.03877940770066013,1,0.03877940770066013,,,0.03877940770066024,1,0
002517,恺英网络,1,1,0.038739390326897216,1,0.038739390326897216,,,0.038739390326897105,1,0
002881,美格智能,3,3,0.013032444249880778,0.6666666666666666,0.025934066549039958,-0.012770800348437583,2.0307315000984105,0.0384937698542529,3,0
600426,华鲁恒升,3,3,0.012651763428957019,1,0.012651763428957019,,,0.038274664057854846,3,0
002245,蔚蓝锂芯,4,4,0.009563559542105249,0.75,0.013725447789365167,-0.0029221051996745065,4.697109395956739,0.038255507462686245,4,0
601669,中国电建,1,1,0.037539566701057514,1,0.037539566701057514,,,0.0375395667010574,1,0
002821,凯莱英,5,5,0.0073912685057409225,0.6,0.015099203419438045,-0.004170633864804762,3.6203617744673156,0.03706932676168062,5,0
688578,艾力斯,4,4,0.008405350958757052,0.75,0.012812433316177466,-0.004815896113504191,2.6604463664094182,0.03388610996819197,4,0
600702,舍得酒业,2,2,0.01668558207082871,0.5,0.047966352936512746,-0.01459518879485533,3.286449638350718,0.03267108616474834,2,0
300566,激智科技,4,4,0.008033192867785338,0.75,0.015070799131390275,-0.01307962592302947,1.152234721396345,0.03200705560215655,4,0
688400,凌云光,2,2,0.015525625789361008,1,0.015525625789361008,,,0.03123579757249262,2,0
688336,三生国健,4,4,0.007678219808671144,0.5,0.02313780918888997,-0.0077813695715476805,2.973488018547866,0.03035053869977955,4,0
601168,西部矿业,6,6,0.004768216513313088,0.6666666666666666,0.011135281836596733,-0.007965914133254204,1.3978661645512607,0.02862713519722826,6,0
688301,奕瑞科技,5,5,0.005575270024503309,0.6,0.013922688575133532,-0.006945857801442023,2.0044592004522546,0.02787602228277275,4,1
600352,XD浙江龙,6,6,0.0046282074798310036,0.6666666666666666,0.010742170801757767,-0.0075997191640225226,1.4134957581869312,0.02768935711140008,6,0
002169,智光电气,3,3,0.00899130573608542,0.6666666666666666,0.01398695860412813,-0.001,13.98695860412813,0.027141005032499832,3,0
600547,山东黄金,4,4,0.00663714282326483,0.75,0.011728470271302046,-0.008636839520846817,1.357958573039702,0.02657477476650949,4,0
000060,中金岭南,2,2,0.013017802109839549,0.5,0.02837253321116784,-0.0023369289914887395,12.140947934020508,0.02596929962425576,2,0
300115,长盈精密,2,2,0.012834212179273552,0.5,0.028113022218996586,-0.0024445978604494814,11.500060060523625,0.02559969932457995,2,0
605060,联德股份,2,2,0.012713940081878483,0.5,0.02687253240847054,-0.0014446522447135726,18.601384870861075,0.02538905869949204,2,0
300751,迈为股份,3,3,0.008279535213064829,0.6666666666666666,0.019013351271862766,-0.013188096904531044,1.441705456784317,0.024653736434080642,3,0
600276,恒瑞医药,5,5,0.00477899075573669,0.6,0.014754292177120765,-0.010183961376339423,1.4487773108998303,0.023594997433643128,5,0
002432,九安医疗,3,3,0.007781405841114715,1,0.007781405841114715,,,0.023478305840669123,3,0
300435,中泰股份,4,4,0.005823529571906322,0.75,0.008645697082904339,-0.0026429729610877297,3.2712014879433937,0.02335486620348104,4,0
002440,闰土股份,7,7,0.0032903076298264854,0.7142857142857143,0.007057225308921678,-0.006126986567911496,1.1518264697823994,0.023096854162113045,6,1
601958,金钼股份,5,5,0.004694527785259517,0.4,0.02381255234020596,-0.008050821918038112,2.9577790420196988,0.023030539333537714,5,0
300976,达瑞电子,4,4,0.005687971037878076,0.5,0.014844783628338631,-0.003468841552582479,4.279464312022843,0.022716146362754763,4,0
605277,新亚电子,2,2,0.011172340314186124,1,0.011172340314186124,,,0.022391079805942127,1,1
603158,腾龙股份,2,2,0.011144052430683504,0.5,0.02328810486136701,-0.001,23.28810486136701,0.022264816756505823,2,0
300041,回天新材,3,3,0.007557916680074476,0.6666666666666666,0.0194426800458114,-0.016211610051399372,1.199305928539351,0.022124482399885403,3,0
002555,三七互娱,2,2,0.0110673523631174,0.5,0.029944608711364507,-0.007809903985129706,3.8341839756775435,0.021900840207326633,2,0
002965,祥鑫科技,3,3,0.007163379424405629,0.6666666666666666,0.01486497512417273,-0.008239811975128575,1.8040430011075315,0.021449035204026856,3,0
002064,华峰化学,5,5,0.004256877524855197,0.6,0.009400263259040456,-0.0034582010764226947,2.7182523662749176,0.02123967779469149,5,0
002044,美年健康,3,3,0.007118503318326234,0.3333333333333333,0.03105130360457309,-0.004847896824797192,6.405108179230298,0.021074358469719723,2,1
301571,国科天成,6,6,0.0034224050163438693,0.6666666666666666,0.009035913880510671,-0.0078046127119897335,1.1577658256673475,0.020371975379327,4,2
000977,浪潮信息,5,5,0.003964216377736229,0.8,0.00765662632109837,-0.010805423395712332,0.7085910510583576,0.01972806139740957,5,0
000630,铜陵有色,2,2,0.00981884381922582,1,0.00981884381922582,,,0.019722234440051833,2,0
000960,锡业股份,6,6,0.0033355693286842847,0.6666666666666666,0.010999120931263429,-0.011991533876474003,0.9172405335769785,0.01960485464169981,6,0
603713,密尔克卫,2,2,0.009585921634718941,1,0.009585921634718941,,,0.019258531513162147,1,1
300969,恒帅股份,4,4,0.00473190480967134,0.75,0.006440118839546464,-0.0003927372799540354,16.39803290459259,0.01903948122126642,4,0
301132,满坤科技,3,3,0.006293297595172202,1,0.006293297595172202,,,0.01896168686364552,3,0
001696,宗申动力,8,8,0.002301868220867795,0.5,0.010300479441611332,-0.005696742999875742,1.8081348310492515,0.01812483688768385,7,1
002241,歌尔股份,1,1,0.018088960894635187,1,0.018088960894635187,,,0.018088960894635076,1,0
688138,清溢光电,4,4,0.0045052146902367085,0.5,0.010135272592697198,-0.0011248432122237797,9.010386943314598,0.0180736611272152,3,1
600345,长江通信,2,2,0.008971883847019746,1,0.008971883847019746,,,0.018024210147915554,2,0
600736,苏州高新,4,4,0.004506565222689969,0.5,0.013337611220757717,-0.0043244807753777805,3.0842110101859714,0.017845977999864537,4,0
600862,中航高科,4,4,0.004377855918665935,0.5,0.013013200930008573,-0.004257489092676702,3.0565435745666507,0.017470857653119065,4,0
002155,湖南黄金,3,3,0.0058284696481575304,0.3333333333333333,0.02787348841264381,-0.005194039734085608,5.366437270343838,0.017222170174951534,3,0
601800,中国交建,1,1,0.016741957564260335,1,0.016741957564260335,,,0.016741957564260446,1,0
002466,天齐锂业,2,2,0.008583725064288228,0.5,0.030987930553840193,-0.013820480425263737,2.242174627822234,0.016739182040937717,2,0
000786,北新建材,3,3,0.005537015849794159,1,0.005537015849794159,,,0.01669862865720151,3,0
601069,西部黄金,4,4,0.0042111069352211705,0.5,0.013394690306402612,-0.004972476435960271,2.6937664720810015,0.016686661693857907,4,0
600392,盛和资源,5,5,0.0035767177003374283,0.4,0.025601010097812238,-0.011106143897979112,2.3051214114442216,0.016620781485522373,5,0
601101,昊华能源,6,6,0.002786116585727083,0.6666666666666666,0.008386525985657423,-0.008414702214133596,0.996651547760199,0.016543061327520592,5,1
002294,信立泰,5,5,0.003284955163928549,0.6,0.006653023156177403,-0.001767146824444731,3.7648389280092225,0.016483993632659066,5,0
300990,同飞股份,1,1,0.01619901174033933,1,0.01619901174033933,,,0.01619901174033922,1,0
300496,中科创达,4,4,0.004141441462712198,0.5,0.019458218035216857,-0.011175335109792461,1.7411753512578307,0.016194144556974654,4,0
300139,晓程科技,2,2,0.008003634977603813,1,0.008003634977603813,,,0.01606790921363399,2,0
000975,山金国际,5,5,0.003237131725646947,0.6,0.01128781589665595,-0.008838894530866559,1.2770619512697479,0.015970962533571553,4,1
603916,苏博特,2,2,0.008017962990361005,0.5,0.02222398845220297,-0.006188062471480959,3.5914292324337524,0.015898402551814517,2,0
002015,协鑫能科,2,2,0.00794042951270274,0.5,0.01806782978569499,-0.0021869707602895075,8.26157812155806,0.015841345209962387,2,0
300740,水羊股份,2,2,0.007783599452209522,0.5,0.016068280687032366,-0.000501081782613321,32.06718193431525,0.015559147381688954,2,0
688692,达梦数据,5,5,0.0031460850628069366,0.4,0.013210116469447475,-0.0035632692082867554,3.707302394869848,0.01549625135822108,5,0
601689,拓普集团,4,4,0.003915575464699228,0.5,0.013230136932687486,-0.005398986003289029,2.450485503134805,0.015492737757960118,4,0
688097,博众精工,5,5,0.0030845679414360345,0.6,0.006664953249214123,-0.0022860100202310987,2.915539822760858,0.015464335818872188,5,0
002171,楚江新材,5,5,0.0030648096289050074,0.8,0.006016003926208935,-0.008739967560310702,0.6883325235128297,0.01527009793691958,5,0
000612,焦作万方,1,1,0.015156426588893601,1,0.015156426588893601,,,0.015156426588893712,1,0
600489,中金黄金,3,3,0.004843237187906617,0.6666666666666666,0.008424749752406036,-0.002319787941092221,3.631689605403944,0.014561048986065694,2,1
002558,巨人网络,2,2,0.007265372306671181,0.5,0.024250660878941344,-0.009719916265598982,2.4949454518214327,0.014295030220213611,2,0
600850,电科数字,1,1,0.01428278946688788,1,0.01428278946688788,,,0.01428278946688799,1,0
603129,春风动力,4,4,0.003516397170139491,0.75,0.006790464300937438,-0.006305804222254351,1.0768593602973957,0.01406382507874926,4,0
002979,雷赛智能,3,3,0.00471988975889633,0.6666666666666666,0.015030004665566032,-0.015900340054443074,0.9452630958899624,0.013807400875972764,3,0
002897,意华股份,1,1,0.013610414743062127,1,0.013610414743062127,,,0.013610414743062016,1,0
301683,慧谷新材,3,3,0.004508136869016373,0.6666666666666666,0.008306353481750572,-0.003088296356452024,2.6896231847688643,0.013536684105005747,3,0
600570,恒生电子,3,3,0.004405712723987414,1,0.004405712723987414,,,0.013269287056315582,3,0
688088,虹软科技,1,1,0.013161232039134219,1,0.013161232039134219,,,0.01316123203913433,1,0
300121,阳谷华泰,2,2,0.006495491479139637,0.5,0.01319032410598997,-0.00019934114771069569,66.16960049378827,0.012988353583933243,2,0
301682,宏明电子,3,3,0.004207124402295796,0.6666666666666666,0.007418928829814431,-0.002216484452741473,3.3471603288885157,0.012642081782991088,3,0
603045,福达合金,2,2,0.006413850998841841,0.5,0.0240288723784029,-0.011201170380719216,2.145210862943773,0.012558550504116583,2,0
300580,贝斯特,3,3,0.004305793226412742,0.6666666666666666,0.015821287389328753,-0.01872519509941928,0.8449197621347836,0.012424544506895785,3,0
301363,美好医疗,3,3,0.004240723557444352,0.3333333333333333,0.028474771787676212,-0.007876300557671578,3.615246977839306,0.012327352138898462,3,0
603087,甘李药业,3,3,0.004038359911170482,0.6666666666666666,0.008953229989904443,-0.005791380246297439,1.545957890716716,0.012065618817034718,3,0
002850,科达利,5,5,0.002453015725878594,0.4,0.012546628533867454,-0.004276059479447314,2.9341566912649966,0.012063963043823511,4,1
002192,融捷股份,3,3,0.003974220142894873,0.3333333333333333,0.020777047366659418,-0.0044271934689874,4.693051594018456,0.011746709989779003,3,0
301566,达利凯普,2,2,0.0057868140928663,1,0.0057868140928663,,,0.011605813318764424,2,0
600366,宁波韵升,6,6,0.0019233396992569731,0.6666666666666666,0.005592179656675023,-0.005414340215579128,1.032846004132541,0.01141988512553005,6,0
300638,广和通,2,2,0.005590515636094806,0.5,0.013791271779341696,-0.002610240507152083,5.283525307937519,0.011145032735945914,2,0
002957,科瑞技术,3,3,0.003833580010278115,0.3333333333333333,0.026847032101494972,-0.007673146035330314,3.4988298121631227,0.011126822219845955,3,0
002156,通富微电,2,2,0.005478547213384921,1,0.005478547213384921,,,0.010981157306161782,2,0
002443,金洲管道,2,2,0.005409442902521877,0.5,0.012824849148065698,-0.002005963343021943,6.393361669683019,0.010793159627773052,2,0
001979,招商蛇口,1,1,0.01076469433266436,1,0.01076469433266436,,,0.010764694332664249,1,0
002966,苏州银行,1,1,0.01076466335016557,1,0.01076466335016557,,,0.01076466335016546,1,0
002922,伊戈尔,1,1,0.010753703430136041,1,0.010753703430136041,,,0.010753703430136152,1,0
002736,国信证券,2,2,0.005281489260122286,1,0.005281489260122286,,,0.010588903056100607,2,0
601995,中金公司,1,1,0.010586156384698175,1,0.010586156384698175,,,0.010586156384698064,1,0
603588,高能环境,3,3,0.0035394581965234226,0.6666666666666666,0.007148213455905328,-0.0036780523222403874,1.9434779142976368,0.01056644397365325,3,0
002167,东方锆业,1,1,0.01050623973316267,1,0.01050623973316267,,,0.010506239733162559,1,0
601881,中国银河,2,2,0.005252460191586983,0.5,0.01074625005115648,-0.00024132966798251412,44.529336740873134,0.010502326994217048,2,0
600482,中国动力,7,7,0.0015597698526696696,0.2857142857142857,0.018705369556182183,-0.005298470028735336,3.5303341256507723,0.010409352898019586,6,1
688486,龙迅股份,5,5,0.002194473133447872,0.4,0.021741658877723946,-0.010836984029402844,2.0062462783680957,0.010286583586474718,5,0
600348,华阳股份,2,2,0.005120737837282841,1,0.005120737837282841,,,0.010261394207640162,2,0
603026,石大胜华,2,2,0.005124206344736648,1,0.005124206344736648,,,0.010257198732411377,1,1
002815,崇达技术,2,2,0.005108790673559294,1,0.005108790673559294,,,0.010223697469717186,2,0
600166,福田汽车,3,3,0.003266695390412615,0.6666666666666666,0.005400043085618922,-0.001,5.400043085618922,0.00980828577834525,3,0
601456,国联民生,1,1,0.009638338885950115,1,0.009638338885950115,,,0.009638338885950226,1,0
600985,淮北矿业,9,9,0.0010848241005207615,0.5555555555555556,0.00763576074198149,-0.00710384670130515,1.0748769030416456,0.009342311129566072,8,1
605090,九丰能源,3,3,0.003118410596962644,0.6666666666666666,0.006850682285711174,-0.0043461327805344166,1.5762708208994913,0.009313876817739652,1,2
603267,鸿远电子,1,1,0.009213726148850854,1,0.009213726148850854,,,0.009213726148850743,1,0
002970,锐明技术,3,3,0.003119809480153557,0.6666666666666666,0.009564386028022231,-0.009769343615583792,0.979020331802577,0.009197517626077456,2,1
002237,恒邦股份,1,1,0.009172153142188999,1,0.009172153142188999,,,0.00917215314218911,1,0
002445,中南文化,3,3,0.0030712743549382217,0.6666666666666666,0.008385596981455468,-0.007557370898096271,1.1095918269100475,0.00911882846831813,3,0
302132,中航成飞,1,1,0.009032831734638092,1,0.009032831734638092,,,0.00903283173463798,1,0
002050,三花智控,3,3,0.0029517437036345284,0.6666666666666666,0.006563122473022154,-0.004271013835140724,1.5366661702246414,0.008840000409527482,3,0
300726,宏达电子,2,2,0.004296279724699704,1,0.004296279724699704,,,0.008600165505360469,2,0
002685,华东重机,3,3,0.0029145105568846677,0.3333333333333333,0.0185195371500545,-0.004888002739700248,3.78877388910592,0.008571423107038179,3,0
000425,徐工机械,4,4,0.002164252437863723,0.5,0.008229388043913821,-0.0039008831681863745,2.1096217674573126,0.008561789159709177,4,0
002643,万润股份,2,2,0.00426938060022386,1,0.00426938060022386,,,0.00854262909871606,2,0
688386,泛亚微透,1,1,0.0084458436471887,1,0.0084458436471887,,,0.008445843647188589,1,0
600770,综艺股份,2,2,0.004138570646093798,0.5,0.012377913620550296,-0.0041007723283627,3.018434731169867,0.008226382286529388,1,1
002106,莱宝高科,5,5,0.001632904113097134,0.6,0.006396022361579878,-0.005511773259626984,1.16042915052945,0.00808609038418795,5,0
600066,宇通客车,6,6,0.0014405735066636376,0.5,0.01290355362863945,-0.010022406615312174,1.2874705770693315,0.008083859529122606,6,0
002273,水晶光电,4,4,0.001998168755599079,0.5,0.00801317116851008,-0.004016833657311924,1.9948974371700812,0.007943274707691295,4,0
600699,均胜电子,3,3,0.002653102607742616,0.6666666666666666,0.005889460569389771,-0.0038196133155516945,1.5418996853452724,0.007941213620162202,3,0
002303,美盈森,1,1,0.007869170692469063,1,0.007869170692469063,,,0.007869170692468952,0,1
000858,五 粮 液,1,1,0.00781297459591912,1,0.00781297459591912,,,0.007812974595919009,1,0
603259,药明康德,3,3,0.002603409006939932,0.6666666666666666,0.007398661202324797,-0.006987095383829799,1.0589037068890574,0.007754250053007672,3,0
000582,北部湾港,2,2,0.0038678094669761806,0.5,0.0078028507475304,-0.00006723181357803833,116.05890622708483,0.0077350943341456535,1,1
601390,中国中铁,1,1,0.007676781061724981,1,0.007676781061724981,,,0.007676781061725091,1,0
000661,长春高新,3,3,0.0025163634153075516,0.6666666666666666,0.0045746720429321605,-0.0016002538399416668,2.858716491565437,0.007548531993175178,2,1
600490,XD鹏欣资,2,2,0.003789598796983596,0.5,0.01531319784105556,-0.0077340002470883676,1.9799841416892305,0.007460765318080709,2,0
600988,赤峰黄金,1,1,0.0073153818174641625,1,0.0073153818174641625,,,0.007315381817464273,1,0
300863,卡倍亿,4,4,0.0018190876570057808,0.5,0.0071425184036082445,-0.0035043430895966834,2.0381903886101176,0.007235871369986713,3,1
688628,优利德,9,9,0.0008591941171324106,0.4444444444444444,0.01146554444194059,-0.007625886142714133,1.5035032293125585,0.007207444585649814,9,0
000559,万向钱潮,1,1,0.007196695681958799,1,0.007196695681958799,,,0.007196695681958909,1,0
000686,东北证券,1,1,0.007111204391189508,1,0.007111204391189508,,,0.007111204391189618,1,0
002128,电投能源,1,1,0.007038616144924848,1,0.007038616144924848,,,0.0070386161449249585,1,0
002458,益生股份,1,1,0.0070092277267393985,1,0.0070092277267393985,,,0.007009227726739509,1,0
601898,中煤能源,3,3,0.002299984379209383,0.6666666666666666,0.004333127095085155,-0.001766301052542162,2.4532211475776844,0.006901014071549749,3,0
300433,蓝思科技,3,3,0.002279369084708938,0.3333333333333333,0.01084880740664007,-0.002005350076256628,5.409931929138008,0.006796540298538156,3,0
688308,欧科亿,1,1,0.0067962689144159824,1,0.0067962689144159824,,,0.006796268914416093,1,0
601688,华泰证券,1,1,0.006785880941716172,1,0.006785880941716172,,,0.006785880941716282,1,0
603285,键邦股份,4,4,0.0017168254131400276,0.5,0.009201745360838176,-0.0057680945345581205,1.5952833827025859,0.006731982470739251,3,1
605117,德业股份,3,3,0.0022645874472725,0.3333333333333333,0.014765085306916448,-0.003985661482549473,3.704550768188119,0.0066883961410260095,3,0
301275,汉朔科技,2,2,0.003344398784509429,0.5,0.0072057868847340565,-0.0005169893157151986,13.937980274825666,0.00668507225418824,1,1
688123,聚辰股份,1,1,0.006556706954709336,1,0.006556706954709336,,,0.006556706954709446,1,0
002379,宏桥控股,4,4,0.0016564423028798405,0.5,0.008888028048746333,-0.005575143442986652,1.5942241019694625,0.006487555133497969,4,0
002913,奥士康,6,6,0.0010796848198431637,0.5,0.005751820595983929,-0.003592450956297603,1.6010853497946658,0.006395857126117344,6,0
300617,安靠智电,2,2,0.0031983261090800523,0.5,0.009598941498497049,-0.0032022892803369443,2.997524788730845,0.006365913630696829,2,0
600298,安琪酵母,2,2,0.0031656608521315474,1,0.0031656608521315474,,,0.006341250934636777,2,0
603163,圣晖集成,4,4,0.0015905155438810665,0.5,0.00622602761595048,-0.0030449965281883476,2.0446747831448993,0.006318503429746158,4,0
300174,元力股份,4,4,0.0017373688754346028,0.25,0.03331541622280321,-0.008788646907021599,3.790733269325702,0.006177708747770794,4,0
603360,百傲化学,3,3,0.0021440588506586402,0.3333333333333333,0.02537609348545311,-0.009471958466738595,2.6790756710518666,0.0060329093134428025,3,0
002708,光洋股份,1,1,0.00596256965184161,1,0.00596256965184161,,,0.00596256965184172,1,0
601666,平煤股份,1,1,0.005802768899403677,1,0.005802768899403677,,,0.005802768899403787,0,1
601901,方正证券,1,1,0.005793439265038392,1,0.005793439265038392,,,0.0057934392650385025,1,0
300003,乐普医疗,3,3,0.0019283433691331313,0.6666666666666666,0.004572677637537327,-0.003360325167675259,1.360784272166374,0.005771871193783751,3,0
601137,博威合金,3,3,0.00194265963476444,0.6666666666666666,0.006167082733691043,-0.006506186563088766,0.9478797870135565,0.005771864435517138,3,0
601601,中国太保,2,2,0.002896658063851865,0.5,0.008382106663181399,-0.002588790535477669,3.237846611500679,0.005771616609306918,2,0
603341,龙旗科技,2,2,0.00289768522351952,0.5,0.009526269495827022,-0.0037308990487879825,2.553344213084972,0.005759828897238695,2,0
600141,兴发集团,5,5,0.001171917248375732,0.6,0.00622508613563555,-0.006407836082513996,0.9714802400490328,0.005744546132387285,5,0
301630,同宇新材,1,1,0.005609797222536962,1,0.005609797222536962,,,0.005609797222537072,1,0
300613,富瀚微,3,3,0.0019250855046305526,0.3333333333333333,0.018445989428784837,-0.0063353664574465895,2.9115899692121867,0.005572896762095159,3,0
301617,博苑新材,1,1,0.005290321197029103,1,0.005290321197029103,,,0.005290321197029213,1,0
000729,燕京啤酒,1,1,0.00528928069222523,1,0.00528928069222523,,,0.00528928069222534,1,0
600048,保利发展,1,1,0.005211223660916865,1,0.005211223660916865,,,0.005211223660916975,1,0
002312,川发龙蟒,1,1,0.005128745643564137,1,0.005128745643564137,,,0.0051287456435642476,1,0
002001,新 和 成,2,2,0.002553316366213477,0.5,0.006106632732426954,-0.001,6.106632732426954,0.00510052609969458,2,0
603693,江苏新能,1,1,0.005093378207464362,1,0.005093378207464362,,,0.005093378207464472,1,0
603019,中科曙光,5,5,0.0010145441887913008,0.4,0.006170644672878645,-0.0024228561339335957,2.5468473288425826,0.0050202618635690754,5,0
301069,凯盛新材,1,1,0.004952414127508687,1,0.004952414127508687,,,0.004952414127508797,1,0
002249,大洋电机,1,1,0.004800486241145819,1,0.004800486241145819,,,0.004800486241145929,0,1
002444,巨星科技,4,4,0.00125831224579262,0.5,0.012886951173610828,-0.010370326682025588,1.2426755268903138,0.004757567185841083,4,0
300219,鸿利智汇,3,3,0.001598964242806996,0.6666666666666666,0.006835450542730825,-0.008874008357040664,0.7702776769764431,0.004706702991770451,3,0
002158,汉钟精机,3,3,0.001499534558647672,0.6666666666666666,0.004561502974198218,-0.00462440227245342,0.9863983938789496,0.0044747872138803935,2,1
002080,中材科技,1,1,0.004450637002712533,1,0.004450637002712533,,,0.004450637002712643,1,0
603228,景旺电子,5,5,0.0008880670877929439,0.6,0.005380426304980627,-0.005850471737988582,0.9196568321224712,0.004359750665047679,5,0
603093,南华期货,2,2,0.0022333779398956977,0.5,0.014532887359059665,-0.01006613147926827,1.4437410626903608,0.004320465924861683,2,0
601636,旗滨集团,3,3,0.0014242593784524757,0.3333333333333333,0.006272778135357427,-0.001,6.272778135357427,0.0042612388518650235,3,0
688676,金盘科技,2,2,0.002118516961097939,0.5,0.007099707487587704,-0.002862673565391826,2.480096778556705,0.004216709777249195,2,0
002745,木林森,3,3,0.0014214184084515582,0.6666666666666666,0.005287013391612749,-0.006309771557870824,0.8379088439450263,0.004204772974198967,3,0
603358,华达科技,2,2,0.002091221548553902,1,0.002091221548553902,,,0.0041846190461163335,2,0
002487,大金重工,1,1,0.004151908168602448,1,0.004151908168602448,,,0.004151908168602558,1,0
600487,亨通光电,3,3,0.0013983372497196795,0.6666666666666666,0.007373164682748845,-0.010551317616338651,0.6987908952083429,0.004069795846392221,3,0
601975,招商南油,3,3,0.0013593503862792129,0.6666666666666666,0.00540435235189185,-0.006730653544946063,0.8029461501476167,0.004015729629760045,3,0
001314,亿道信息,1,1,0.004006922042391171,1,0.004006922042391171,,,0.004006922042391281,1,0
601555,东吴证券,1,1,0.003938266662867674,1,0.003938266662867674,,,0.003938266662867784,1,0
300677,英科医疗,3,3,0.0013161309183573246,0.6666666666666666,0.005434685983907728,-0.006920979212743482,0.785248129903487,0.003886348067093648,3,0
000823,超声电子,5,5,0.0007994687141954732,0.4,0.00865351727344743,-0.004436563658639166,1.9504999678290962,0.003867961832509037,5,0
601615,明阳智能,1,1,0.00382627339689512,1,0.00382627339689512,,,0.00382627339689523,1,0
603867,新化股份,3,3,0.001321042108210528,0.6666666666666666,0.008402594536005226,-0.012842062747378868,0.6543025603671216,0.0037896723671346777,3,0
600233,圆通速递,1,1,0.0037619004368508744,1,0.0037619004368508744,,,0.0037619004368509845,1,0
300008,天海防务,1,1,0.0037318189667464594,1,0.0037318189667464594,,,0.0037318189667465695,1,0
002947,恒铭达,5,5,0.0007607727230950054,0.4,0.007462529796784856,-0.003707065326031562,2.0130559190262622,0.0036693402515637352,5,0
601336,新华保险,3,3,0.0013372241671989842,0.3333333333333333,0.023003839969760853,-0.00949608373408195,2.422455468373646,0.0036645275093734053,3,0
000155,川能动力,1,1,0.003654729584508077,1,0.003654729584508077,,,0.0036547295845081873,1,0
300444,双杰电气,2,2,0.0018308194432670741,0.5,0.005381011223364208,-0.0017193723368300598,3.1296369658272916,0.0036523869246927188,2,0
600595,中孚实业,2,2,0.0018243318806043245,0.5,0.01117394289763085,-0.007525279136422202,1.4848542751788687,0.0035645767218497326,2,0
002409,雅克科技,2,2,0.0018187207806642514,0.5,0.019599997595047713,-0.01596255603371921,1.2278733777751378,0.003324575501456817,2,0
688169,石头科技,5,5,0.0006431272358337079,0.4,0.00278153339270082,-0.0007824768687443667,3.554780344068599,0.00320739462744446,5,0
601717,中创智领,1,1,0.003137959973565364,1,0.003137959973565364,,,0.003137959973565474,1,0
000767,晋控电力,1,1,0.0029999961853027788,1,0.0029999961853027788,,,0.002999996185302889,1,0
002304,洋河股份,1,1,0.00294282504170973,1,0.00294282504170973,,,0.00294282504170984,1,0
002580,圣阳股份,2,2,0.0014622320386017415,0.5,0.007382646476234656,-0.004458182399031173,1.6559767670876389,0.00289155089262505,2,0
600776,东方通信,1,1,0.002767839889658342,1,0.002767839889658342,,,0.002767839889658452,1,0
300296,利亚德,1,1,0.002745314673225364,1,0.002745314673225364,,,0.002745314673225474,1,0
600580,卧龙电驱,2,2,0.0013661590431201529,0.5,0.005264626864170619,-0.0025323087779303135,2.0789829858242888,0.0027189864254197893,2,0
300832,新产业,2,2,0.001366427335960652,0.5,0.008286519439229978,-0.005553664767308674,1.4920813168285012,0.002686834120867898,2,0
002602,世纪华通,7,7,0.00040551478103320257,0.7142857142857143,0.004228935888682073,-0.009153037988088975,0.4620253837234445,0.0026726120901556794,7,0
300861,美畅股份,2,2,0.0012683610909032814,0.5,0.004041274605409596,-0.001504552423603033,2.686031102679518,0.002530641872304562,2,0
002396,星网锐捷,1,1,0.002528210397472531,1,0.002528210397472531,,,0.002528210397472641,1,0
688120,华海清科,1,1,0.002470905555597481,1,0.002470905555597481,,,0.002470905555597591,1,0
000537,绿发电力,1,1,0.0024601767828374985,1,0.0024601767828374985,,,0.0024601767828376087,1,0
600379,宝光股份,1,1,0.0023875467452246788,1,0.0023875467452246788,,,0.002387546745224789,1,0
688111,XD金山办,4,4,0.0006047197315695862,0.5,0.00923304386185253,-0.008023604398713358,1.150735181227668,0.00225432680350246,4,0
603345,安井食品,2,2,0.0011124858338216756,0.5,0.005039872128739354,-0.002814900461096003,1.790426410593944,0.002210784929264298,2,0
300709,精研科技,3,3,0.0007245910959829599,0.6666666666666666,0.0028131908154357408,-0.003452608342922602,0.8148016038953321,0.0021608974863709385,2,1
000999,华润三九,1,1,0.002126218180110607,1,0.002126218180110607,,,0.002126218180110717,1,0
600108,亚盛集团,1,1,0.002124996973201677,1,0.002124996973201677,,,0.002124996973201787,1,0
000617,中油资本,1,1,0.0019717653595588977,1,0.0019717653595588977,,,0.001971765359559008,1,0
301080,百普赛斯,1,1,0.0019695590987430798,1,0.0019695590987430798,,,0.00196955909874319,1,0
601198,东兴证券,1,1,0.0019368547862793637,1,0.0019368547862793637,,,0.0019368547862794738,1,0
002430,杭氧股份,1,1,0.0019098012188777389,1,0.0019098012188777389,,,0.001909801218877849,1,0
300100,双林股份,3,3,0.0006450999183107801,0.6666666666666666,0.005687771297396393,-0.009440242839860447,0.6025026467942508,0.001840609858920761,3,0
002085,万丰奥威,1,1,0.0017933600823888405,1,0.0017933600823888405,,,0.0017933600823889506,1,0
002027,分众传媒,2,2,0.0009130118575624855,0.5,0.006984023957211539,-0.005158000242086568,1.3540177645254023,0.001790000117863011,2,0
600763,通策医疗,1,1,0.0017525039658988781,1,0.0017525039658988781,,,0.0017525039658989883,1,0
600362,江西铜业,3,3,0.0006002861815029113,0.3333333333333333,0.010443290097127744,-0.004321215776309505,2.4167481185229636,0.0017267257140169967,3,0
300777,中简科技,2,2,0.0008138973790594592,0.5,0.004574121864764692,-0.0029463271066457733,1.5524827010711892,0.0016143178988796691,2,0
002703,浙江世宝,1,1,0.0015109831190668341,1,0.0015109831190668341,,,0.0015109831190669443,1,0
300498,温氏股份,4,4,0.0004312643067167503,0.25,0.019705556637540256,-0.005993499803557752,3.287821353701055,0.0014665049990825185,4,0
688208,道通科技,3,3,0.0004774159876480193,0.6666666666666666,0.0021758022640996364,-0.0029193565652552147,0.7453019922249287,0.0014219186769957037,3,0
600301,华锡有色,6,6,0.0004611729522443116,0.5,0.016247758469539037,-0.015325412565050415,1.060184083173854,0.0014170987668289392,5,1
300628,亿联网络,1,1,0.0013592400889023146,1,0.0013592400889023146,,,0.0013592400889024248,1,0
300259,新天科技,3,3,0.0005829530147598202,0.3333333333333333,0.023436021317488565,-0.010843581136604552,2.1612805790123946,0.0013508245210485104,3,0
300398,飞凯材料,2,2,0.0006402026713635553,1,0.0006402026713635553,,,0.0012807764286417722,2,0
688018,乐鑫科技,5,5,0.0002590638570711963,0.6,0.0034385021643726934,-0.004510093603881049,0.7624015079008063,0.0012347312230605034,5,0
000703,恒逸石化,2,2,0.0006275663444765831,0.5,0.0052717210119234146,-0.004016588322970248,1.3124872623303852,0.001233958355894904,1,1
603039,泛微网络,1,1,0.0011822649041918218,1,0.0011822649041918218,,,0.001182264904191932,1,0
000893,亚钾国际,3,3,0.00040595483141647824,0.3333333333333333,0.0071243839193338996,-0.0029532597125422324,2.41237974739481,0.001179782122111117,3,0
301216,万凯新材,1,1,0.001152901813325947,1,0.001152901813325947,,,0.0011529018133260571,1,0
300896,爱美客,1,1,0.0010781855992955123,1,0.0010781855992955123,,,0.0010781855992956224,1,0
301310,鑫宏业,5,5,0.0002687153197820759,0.6,0.008408474617678055,-0.011940923627061895,0.704172883127885,0.0010028702874418371,5,0
300727,润禾材料,2,2,0.0005002611717478409,0.5,0.0044421976310055076,-0.003441675287509826,1.2907079430551378,0.0009852337416869084,1,1
688390,固德威,1,1,0.0009234916100967503,1,0.0009234916100967503,,,0.0009234916100968604,1,0
300457,赢合科技,2,2,0.0004216393057377985,0.5,0.0013724580375774629,-0.0005291794261018659,2.5935589516159077,0.0008425523349189223,2,0
002928,华夏航空,2,2,0.0003802578548723909,1,0.0003802578548723909,,,0.0007606589949666898,2,0
000887,中鼎股份,2,2,0.0003803101286228858,0.5,0.004759094283037225,-0.003998474025791453,1.190227634927606,0.0007415911423689359,2,0
300037,新宙邦,7,7,0.00012978926153247778,0.5714285714285714,0.006354908788683444,-0.008170370108002145,0.7777993780795047,0.0007037535933578365,7,0
000938,紫光股份,1,1,0.0006625484355037301,1,0.0006625484355037301,,,0.0006625484355038402,1,0
300373,扬杰科技,3,3,0.0001268302237018579,0.3333333333333333,0.006573539708428889,-0.0030965245186616577,2.122876686043495,0.0003442612245621035,2,1
603297,永新光学,3,3,0.00015255804806590945,0.3333333333333333,0.013365219235652925,-0.0064537725457275985,2.0709157536859135,0.000322740730187121,3,0
002201,九鼎新材,1,1,0.00020630023255152705,1,0.00020630023255152705,,,0.0002063002325516372,1,0
603327,福蓉科技,1,1,0.0001668878924087078,1,0.0001668878924087078,,,0.00016688789240881796,1,0
300681,英搏尔,6,6,0.00003909572492053924,0.6666666666666666,0.0028078654590013583,-0.005498443743241099,0.5106654882943734,0.00015088389097472898,6,0
301345,涛涛车业,2,2,0.00004864804309845459,0.5,0.005016736834250969,-0.004919440748054059,1.0197778754089875,0.00007261654659229677,1,1
600416,湘电股份,1,1,0.000016283407191398404,1,0.000016283407191398404,,,0.00001628340719150856,1,0
300693,盛弘股份,3,3,-0.000008471253446088537,0.6666666666666666,0.005461929449443015,-0.010949272659224296,0.49883947723610406,-0.00013722342334354654,3,0
300363,博腾股份,2,2,-0.00013414611252227007,0.5,0.0017854726983509437,-0.002053764923395484,0.8693656601160695,-0.00027195916624400684,2,0
688248,南网科技,1,1,-0.00027978187130062084,0,,-0.00027978187130062084,,-0.0002797818713006217,1,0
300390,天华新能,2,2,-0.00018527701471643312,0.5,0.00275000635782885,-0.0031205603872617163,0.8812540109957537,-0.00037913559033775357,2,0
603005,晶方科技,2,2,-0.00019377038035700567,0.5,0.009793123197987419,-0.01018066395870143,0.9619336457537448,-0.0004872412570987583,2,0
002534,西子洁能,8,8,-0.00003942680747680218,0.375,0.007033163392018982,-0.004282980927174273,1.6421187746589294,-0.0004913800906397592,7,1
600667,太极实业,2,2,-0.0002738220189042453,0,,-0.0002738220189042453,,-0.000547601035935763,2,0
000733,振华科技,5,5,-0.00009526855720205438,0.4,0.007815798189952261,-0.005369313055304932,1.4556421109084297,-0.000618698131267803,5,0
300319,麦捷科技,2,2,-0.00028409772569937264,0.5,0.01318695499802025,-0.013755150449418996,0.9586921674547918,-0.0007495840013661548,2,0
301628,强达电路,2,2,-0.00042110385632437766,0.5,0.004594245210549742,-0.005436452923198497,0.8450813932270292,-0.0008671841104533895,2,0
688411,海博思创,1,1,-0.0009533974303371764,0,,-0.0009533974303371764,,-0.0009533974303371773,1,0
002049,紫光国微,4,4,-0.000199500277936304,0.75,0.005310195159055471,-0.01672858658891163,0.3174323862229507,-0.0009918381903973872,3,1
002081,金 螳 螂,1,1,-0.001,0,,-0.001,,-0.0010000000000000009,1,0
002244,滨江集团,1,1,-0.001,0,,-0.001,,-0.0010000000000000009,1,0
002468,申通快递,1,1,-0.001,0,,-0.001,,-0.0010000000000000009,1,0
002611,东方精工,1,1,-0.001,0,,-0.001,,-0.0010000000000000009,1,0
300019,硅宝科技,1,1,-0.001,0,,-0.001,,-0.0010000000000000009,1,0
300182,捷成股份,1,1,-0.001,0,,-0.001,,-0.0010000000000000009,1,0
300292,吴通控股,1,1,-0.001,0,,-0.001,,-0.0010000000000000009,1,0
300986,志特新材,1,1,-0.001,0,,-0.001,,-0.0010000000000000009,1,0
600026,中远海能,1,1,-0.001,0,,-0.001,,-0.0010000000000000009,1,0
600219,南山铝业,1,1,-0.001,0,,-0.001,,-0.0010000000000000009,1,0
600690,海尔智家,1,1,-0.001,0,,-0.001,,-0.0010000000000000009,1,0
600863,华能蒙电,1,1,-0.001,0,,-0.001,,-0.0010000000000000009,1,0
600867,通化东宝,1,1,-0.001,0,,-0.001,,-0.0010000000000000009,1,0
600979,广安爱众,1,1,-0.001,0,,-0.001,,-0.0010000000000000009,0,1
601118,海南橡胶,1,1,-0.001,0,,-0.001,,-0.0010000000000000009,1,0
601377,兴业证券,1,1,-0.001,0,,-0.001,,-0.0010000000000000009,1,0
601399,国机重装,1,1,-0.001,0,,-0.001,,-0.0010000000000000009,1,0
601998,中信银行,1,1,-0.001,0,,-0.001,,-0.0010000000000000009,1,0
603090,宏盛股份,1,1,-0.001,0,,-0.001,,-0.0010000000000000009,1,0
000737,北方铜业,4,4,-0.00021986918022320868,0.5,0.00887582462020542,-0.009315562980651837,0.9527952995047383,-0.0010508697452358273,3,1
002617,露笑科技,3,3,-0.00031070405676640107,0.3333333333333333,0.012292445602288704,-0.006612278886293954,1.8590331432887226,-0.0010533477924143941,3,0
002734,利民股份,2,2,-0.0005568994419757325,0.5,0.0017777353922526782,-0.002891534276204143,0.6148069579816281,-0.0011189392667720899,1,1
601020,华钰矿业,2,2,-0.0005996105755786676,0,,-0.0005996105755786676,,-0.0011988616578697542,2,0
601066,中信建投,3,3,-0.00035530903427682947,0.6666666666666666,0.006189107089133783,-0.013444141281098054,0.4603571890333695,-0.0012308428194865995,3,0
000034,神州数码,7,7,-0.00013780887625993024,0.42857142857142855,0.008878878402744964,-0.0069003243355136015,1.2867334883156758,-0.0012397252157059224,6,1
603606,东方电缆,2,2,-0.000666164879955077,0.5,0.002254094258637208,-0.003586424018547362,0.6285074623022968,-0.001340413897699344,2,0
000792,盐湖股份,4,4,-0.00032489232278895466,0.5,0.00476848253093365,-0.005418267176511559,0.8800751929704101,-0.0013520806343373382,3,1
000807,云铝股份,6,6,-0.0001940911139644741,0.3333333333333333,0.009959575786260166,-0.005270924564076795,1.8895310803987178,-0.001362944011083611,6,0
301379,天山电子,1,1,-0.0013862583668439168,0,,-0.0013862583668439168,,-0.0013862583668439177,1,0
002246,北化股份,2,2,-0.0006443366781584969,0.5,0.00938254327753374,-0.010671216633850733,0.8792383848502218,-0.0013887965082081122,2,0
600309,万华化学,1,1,-0.0014013751693110468,0,,-0.0014013751693110468,,-0.0014013751693110477,1,0
600338,西藏珠峰,3,3,-0.00048583104868867396,0.3333333333333333,0.0024383646601214845,-0.0019479289030937532,1.2517729246939187,-0.001466077763718987,3,0
688006,杭可科技,4,4,-0.0003517161465998722,0.5,0.0060211662859547274,-0.006724598579154472,0.8953941584884623,-0.0014882080842185674,4,0
688582,芯动联科,2,2,-0.0007625455044948928,0.5,0.0008109448899354952,-0.0023360358989252808,0.34714573106885016,-0.001526985405364667,2,0
002311,海大集团,2,2,-0.0007801625937489667,0.5,0.003941154928768343,-0.0055014801162662766,0.7163808366980178,-0.0015820073729735373,2,0
000880,潍柴重机,3,3,-0.0004825437391067962,0.3333333333333333,0.011620918438500216,-0.0065342748279103025,1.7784557191967163,-0.0015872909696932336,3,0
688002,睿创微纳,4,4,-0.00030781947330574266,0.75,0.0066526066035410185,-0.021189097703846027,0.31396365699580997,-0.00159125754826972,4,0
603269,海鸥股份,3,3,-0.0004579568278528046,0.6666666666666666,0.008379069004491924,-0.018132008492542262,0.46211477387837396,-0.0016098767148035042,3,0
000878,云南铜业,1,1,-0.0016192092333154875,0,,-0.0016192092333154875,,-0.0016192092333154884,1,0
002938,鹏鼎控股,9,9,-0.00008176627181542983,0.5555555555555556,0.010544833872821369,-0.013365016452611428,0.788987721055965,-0.0016305116286164933,9,0
002831,裕同科技,6,6,-0.000204416589285383,0.3333333333333333,0.015594339166972615,-0.008103794467414382,1.9243256019976758,-0.001652498488711296,5,1
000534,万泽股份,1,1,-0.0016551083299654037,0,,-0.0016551083299654037,,-0.0016551083299654046,1,0
002606,大连电瓷,1,1,-0.001737479983213607,0,,-0.001737479983213607,,-0.0017374799832136079,1,0
300680,隆盛科技,1,1,-0.0018598648996932523,0,,-0.0018598648996932523,,-0.0018598648996932532,1,0
002493,荣盛石化,1,1,-0.0018665709631623386,0,,-0.0018665709631623386,,-0.0018665709631623395,1,0
600312,平高电气,2,2,-0.000939201369744235,0.5,0.001967313704961727,-0.003845716444450197,0.511559740136531,-0.0018859684701548751,2,0
600737,中粮糖业,1,1,-0.0018864605890275268,0,,-0.0018864605890275268,,-0.0018864605890275277,1,0
002150,正泰电源,4,4,-0.0004553784213691956,0.25,0.009093475056585754,-0.0036383295806875116,2.499354402870621,-0.001898909205746091,4,0
002637,赞宇科技,1,1,-0.0019017338813563925,0,,-0.0019017338813563925,,-0.0019017338813563933,1,0
603859,能科科技,3,3,-0.0006337548801100814,0.3333333333333333,0.0020383563971843053,-0.0019698105187572748,1.0347982091547947,-0.001905424902036379,3,0
000625,长安汽车,2,2,-0.0009550745210520342,0.5,0.0017816384933723181,-0.0036917875354763865,0.4825950779267736,-0.001916726472886543,2,0
600031,三一重工,3,3,-0.000646707005305409,0.3333333333333333,0.0018233284581600237,-0.0018817247370381254,0.9689666199690723,-0.001945447421882407,3,0
601788,光大证券,2,2,-0.000990150029170577,0.5,0.001686364065193958,-0.003666664123535112,0.45991779131601973,-0.001986483388958127,2,0
000538,云南白药,1,1,-0.0020347524291458577,0,,-0.0020347524291458577,,-0.0020347524291458585,1,0
000983,山西焦煤,3,3,-0.0006537518963431645,0.3333333333333333,0.009989038134846528,-0.005975146911938011,1.6717644406180183,-0.0020473832335993203,3,0
601001,晋控煤业,7,7,-0.00024165891658967098,0.5714285714285714,0.007086403908239836,-0.01001240934969568,0.7077621040788971,-0.002063319586193546,7,0
600637,东方明珠,2,2,-0.001039023257690951,0.5,0.00017511499563738295,-0.002253161511019285,0.07771968178089658,-0.002078441077750015,2,0
600415,小商品城,3,3,-0.0006970014391280227,0.3333333333333333,0.0019070433655684624,-0.0019990238414762653,0.9539873042034976,-0.0020956250026030743,3,0
002608,江苏国信,1,1,-0.002191922344770169,0,,-0.002191922344770169,,-0.0021919223447701697,1,0
603303,得邦照明,3,3,-0.0006879650645508587,0.3333333333333333,0.013143763050136203,-0.00760382912189439,1.7285715972088567,-0.002215965823298194,3,0
000987,越秀资本,1,1,-0.0022180546693508765,0,,-0.0022180546693508765,,-0.0022180546693508774,0,1
000596,古井贡酒,1,1,-0.002227274503206255,0,,-0.002227274503206255,,-0.0022272745032062558,1,0
603638,艾迪精密,5,5,-0.0003920652486286702,0.6,0.008411518974121365,-0.013597441582753722,0.6186104145348998,-0.002268384344167207,4,1
603977,国泰集团,4,4,-0.0005738511315094834,0.25,0.008762041084221184,-0.0036858152034197054,2.3772328781138423,-0.0023567873015351015,4,0
600839,四川长虹,1,1,-0.002362428974651997,0,,-0.002362428974651997,,-0.0023624289746519977,1,0
603897,长城科技,3,3,-0.0007950147852247005,0.3333333333333333,0.006781081619679275,-0.004583062987676688,1.479595990260836,-0.00243072273998568,3,0
600809,山西汾酒,5,5,-0.0004600181544174296,0.8,0.0031078162954562014,-0.014731355953911951,0.21096607163517167,-0.002437932314386382,5,0
000603,盛达资源,3,3,-0.0007472308452161439,0.3333333333333333,0.014290536950735233,-0.008266114743191832,1.7288094098264553,-0.0024512678931400966,3,0
600995,南网储能,1,1,-0.002469471314758164,0,,-0.002469471314758164,,-0.002469471314758165,1,0
000758,中色股份,1,1,-0.0024925003476641274,0,,-0.0024925003476641274,,-0.0024925003476641283,1,0
603698,航天工程,1,1,-0.0025055476795819978,0,,-0.0025055476795819978,,-0.0025055476795819986,1,0
300481,濮阳惠成,2,2,-0.0013100636765026588,0.5,0.00016882230868764479,-0.0027889496616929623,0.060532576477255386,-0.0026205981899258823,2,0
603799,华友钴业,5,5,-0.0005078358762980568,0.4,0.0061654118598512,-0.004956667700397561,1.243862254344121,-0.0026513614287182463,5,0
301580,爱迪特,5,5,-0.0004958665268068646,0.2,0.014279613163347471,-0.004189736449345449,3.4082366124910637,-0.0026525185074856017,5,0
300592,华凯易佰,3,3,-0.0008929086062584203,0.6666666666666666,0.0027939284601420375,-0.008266582739059336,0.33797864829209484,-0.0027183481071993976,3,0
603380,易德龙,2,2,-0.001361328123613336,0,,-0.001361328123613336,,-0.0027211619273882492,2,0
300274,阳光电源,4,4,-0.00067015658741773,0.5,0.003485319293125012,-0.004825632467960472,0.7222512937455561,-0.002722860979089803,4,0
601665,齐鲁银行,1,1,-0.002730143342359436,0,,-0.002730143342359436,,-0.002730143342359437,0,1
600372,中航机载,1,1,-0.002793677558169393,0,,-0.002793677558169393,,-0.002793677558169394,0,1
600019,宝钢股份,1,1,-0.0027985165733075404,0,,-0.0027985165733075404,,-0.0027985165733075412,1,0
000062,深圳华强,1,1,-0.0028220884523217906,0,,-0.0028220884523217906,,-0.0028220884523217915,1,0
601108,财通证券,2,2,-0.0013985984091188222,0.5,0.004580378406471853,-0.0073775752247094975,0.6208514677194921,-0.0028309889044889625,2,0
000400,许继电气,2,2,-0.0014471601058269048,0,,-0.0014471601058269048,,-0.0028922262172512703,2,0
300073,当升科技,1,1,-0.002947633723674569,0,,-0.002947633723674569,,-0.0029476337236745698,1,0
600578,京能电力,3,3,-0.0009960172175888695,0.6666666666666666,0.002592754331635195,-0.008173560316036999,0.3172123568413707,-0.003028030342411725,3,0
600958,东方证券,2,2,-0.0015165407317440085,0,,-0.0015165407317440085,,-0.0030310483820245038,1,1
600109,国金证券,1,1,-0.0031906306147835286,0,,-0.0031906306147835286,,-0.0031906306147835295,1,0
002787,华源控股,1,1,-0.0031986577969250743,0,,-0.0031986577969250743,,-0.003198657796925075,1,0
002706,良信股份,7,7,-0.00043334949044003285,0.42857142857142855,0.0073625997494053035,-0.006280311420324036,1.1723303601759012,-0.003215044165606473,6,1
002340,格林美,4,4,-0.0007936850828071378,0.5,0.003930864729542517,-0.005518234895156793,0.7123409576117413,-0.0032250246480088895,4,0
603082,北自科技,1,1,-0.003284461165303897,0,,-0.003284461165303897,,-0.003284461165303898,1,0
603283,赛腾股份,3,3,-0.0011042983034046004,0.3333333333333333,0.002171233473293844,-0.0027420641917538227,0.7918244510188233,-0.0033240385622042012,3,0
300724,捷佳伟创,3,3,-0.001105359377157832,0.6666666666666666,0.0008731978212414013,-0.005062473773956299,0.1724844137926272,-0.0033242209881265694,3,0
300015,爱尔眼科,1,1,-0.0033256345205247,0,,-0.0033256345205247,,-0.0033256345205247007,1,0
600114,东睦股份,3,3,-0.0011014694646489514,0.3333333333333333,0.0074254791648523675,-0.005364943779399611,1.3840739940956752,-0.0033654010645337573,2,1
300641,正丹股份,2,2,-0.0016554466584478007,0.5,0.006010874014878432,-0.009321767331774033,0.6448212877390598,-0.0033669252859227505,2,0
002236,大华股份,1,1,-0.003422829495626999,0,,-0.003422829495626999,,-0.003422829495627,1,0
603456,九洲药业,2,2,-0.0017059301910420373,0.5,0.007124947547912598,-0.010536807929996672,0.6761960164072999,-0.003486934585907653,2,0
600378,昊华科技,3,3,-0.0011696432468223377,0.3333333333333333,0.006080276227297899,-0.004794602983882457,1.268150094541167,-0.0035636289922861275,2,1
600009,上海机场,1,1,-0.0035662732290883117,0,,-0.0035662732290883117,,-0.0035662732290883126,1,0
600546,山煤国际,1,1,-0.0036177777374634115,0,,-0.0036177777374634115,,-0.0036177777374634124,1,0
300251,光线传媒,1,1,-0.0036454790623918756,0,,-0.0036454790623918756,,-0.0036454790623918765,1,0
601611,中国核建,1,1,-0.003664359328213517,0,,-0.003664359328213517,,-0.003664359328213518,1,0
000932,华菱钢铁,1,1,-0.0037247929851148545,0,,-0.0037247929851148545,,-0.0037247929851148553,1,0
601778,晶科科技,1,1,-0.003747250048093064,0,,-0.003747250048093064,,-0.003747250048093065,1,0
002709,天赐材料,2,2,-0.0018809724878785508,0,,-0.0018809724878785508,,-0.0037591830307813767,1,1
600598,北大荒,2,2,-0.001862134789028302,0.5,0.004489429484642372,-0.008213699062698976,0.5465782773842179,-0.0037611444008065487,2,0
002392,北京利尔,1,1,-0.0037662490835064224,0,,-0.0037662490835064224,,-0.0037662490835064233,1,0
002179,中航光电,4,4,-0.0009572545495858389,0.5,0.004732269934044187,-0.006646779033215865,0.7119643831088223,-0.003890157405426864,4,0
600456,宝钛股份,2,2,-0.001975635207500547,0.5,0.0026805440260920807,-0.006631814441093175,0.4041946664675113,-0.003969047285583227,2,0
600363,联创光电,3,3,-0.0013599296929220899,0.3333333333333333,0.00498154507897819,-0.00453066707887223,1.0995169126878754,-0.004116827031291348,3,0
000973,佛塑科技,1,1,-0.004142180934124439,0,,-0.004142180934124439,,-0.00414218093412444,1,0
002498,汉缆股份,1,1,-0.004199996948242134,0,,-0.004199996948242134,,-0.004199996948242135,1,0
002756,永兴材料,4,4,-0.0010122098089302696,0.5,0.007260263932193589,-0.00928468355005413,0.7819613768259513,-0.004218597227472198,4,0
000301,东方盛虹,1,1,-0.004233626695479885,0,,-0.004233626695479885,,-0.004233626695479886,1,0
301568,思泰克,2,2,-0.0021209161388049953,0.5,0.006500470420402694,-0.010742302698012685,0.6051282116268493,-0.0043116622985452935,2,0
002020,京新药业,1,1,-0.0043624876341404875,0,,-0.0043624876341404875,,-0.004362487634140488,1,0
000920,沃顿科技,2,2,-0.0021860194836670335,0.5,0.00044721115812784793,-0.004819250125461915,0.0927968348779124,-0.004374194189763925,2,0
002028,思源电气,2,2,-0.0021781244312800143,0.5,0.002963042573912112,-0.007319291436472141,0.40482642338126146,-0.004377936234697066,2,0
603659,璞泰来,2,2,-0.0021942137425514643,0,,-0.0021942137425514643,,-0.004384281774734378,2,0
605018,长华集团,1,1,-0.004452986094005461,0,,-0.004452986094005461,,-0.004452986094005462,1,0
300905,宝丽迪,2,2,-0.0022186681371116337,0.5,0.0032601445718994935,-0.007697480846122761,0.42353396352283695,-0.004462431174620973,2,0
300505,川金诺,1,1,-0.004691478602841247,0,,-0.004691478602841247,,-0.004691478602841248,1,0
601117,中国化学,2,2,-0.0023630470359711766,0.5,0.0003279882823444833,-0.0050540823542868365,0.06489571387104248,-0.004727751751732456,2,0
600188,兖矿能源,4,4,-0.001177442697052971,0.25,0.00936520642153249,-0.004691659069914791,1.9961395919807488,-0.004780832651636868,4,0
603179,新泉股份,5,5,-0.0009388408054564533,0.4,0.006101678483010464,-0.005632520331101065,1.0832945332338795,-0.004797428595607167,5,0
002130,沃尔核材,1,1,-0.0047986669389725725,0,,-0.0047986669389725725,,-0.004798666938972573,1,0
600382,广东明珠,1,1,-0.004896069313546469,0,,-0.004896069313546469,,-0.0048960693135464695,0,1
600483,福能股份,2,2,-0.002453475477631916,0,,-0.002453475477631916,,-0.004903044004308521,2,0
002669,康达新材,1,1,-0.004948093436633493,0,,-0.004948093436633493,,-0.004948093436633494,1,0
600592,龙溪股份,1,1,-0.004997363004781818,0,,-0.004997363004781818,,-0.0049973630047818185,1,0
300602,飞荣达,3,3,-0.0016642959823682422,0.3333333333333333,0.0025167184197084644,-0.0037548031834065956,0.670266401932987,-0.005002013682006479,3,0
000795,英洛华,1,1,-0.005081628681073313,0,,-0.005081628681073313,,-0.0050816286810733136,1,0
301196,唯科科技,2,2,-0.002512257090352798,0.5,0.006102024089089776,-0.011126538269795372,0.5484207164104777,-0.0050924085852559475,2,0
002600,领益智造,4,4,-0.0012491241189992999,0.75,0.0029153889235710175,-0.013742663246710252,0.21214148023811247,-0.005097069188482406,4,0
002601,龙佰集团,5,5,-0.0010142757779005409,0.6,0.0018977494134796444,-0.005382313564970819,0.3525899021994148,-0.005097383381266862,5,0
000768,中航西飞,2,2,-0.002565564692738386,0.5,0.0008814208724406978,-0.00601255025791747,0.14659684071330992,-0.005136428972770557,2,0
603989,艾华集团,1,1,-0.005166673657334807,0,,-0.005166673657334807,,-0.005166673657334808,1,0
688181,八亿时空,1,1,-0.005170378307267519,0,,-0.005170378307267519,,-0.00517037830726752,1,0
601216,君正集团,1,1,-0.0051840962444885666,0,,-0.0051840962444885666,,-0.005184096244488567,1,0
002797,第一创业,2,2,-0.0025917639971240183,0.5,0.0004748896364651376,-0.005658417630713174,0.08392622592710315,-0.005186215118139548,2,0
688122,西部超导,2,2,-0.0026023143740286905,0,,-0.0026023143740286905,,-0.0052004241193093215,2,0
000933,神火股份,6,6,-0.0008646823383481689,0.5,0.0021780895523919974,-0.003907454229088335,0.5574190827822382,-0.005216922551953385,6,0
603997,继峰股份,1,1,-0.005255335381690539,0,,-0.005255335381690539,,-0.00525533538169054,1,0
002270,华明装备,1,1,-0.00526666259765629,0,,-0.00526666259765629,,-0.005266662597656291,1,0
688775,影石创新,1,1,-0.005297313176547357,0,,-0.005297313176547357,,-0.005297313176547358,1,0
600346,恒力石化,2,2,-0.002659337730652799,0,,-0.002659337730652799,,-0.0053164506445569915,2,0
000921,海信家电,2,2,-0.0026723498035245976,0,,-0.0026723498035245976,,-0.005337905419290689,2,0
600176,中国巨石,2,2,-0.002637646925469028,0.5,0.006009796615622399,-0.011285090466560455,0.5325430605479324,-0.005343114949430849,2,0
000591,太阳能,1,1,-0.005357294174649917,0,,-0.005357294174649917,,-0.005357294174649918,1,0
600875,东方电气,2,2,-0.002653948754668844,0.5,0.00648786109302868,-0.011795758602366369,0.5500164348672869,-0.005384426752636617,2,0
603861,白云电器,1,1,-0.00540208504130013,0,,-0.00540208504130013,,-0.005402085041300131,1,0
605133,嵘泰股份,3,3,-0.0017584689790656933,0.3333333333333333,0.014703908460102055,-0.009989657698649568,1.471913142938799,-0.00552176745243016,3,0
300018,中元股份,2,2,-0.0027462263956727346,0.5,0.006751967785028402,-0.012244420576373871,0.5514322007246802,-0.005575126724623347,2,0
603885,吉祥航空,1,1,-0.005612563656000157,0,,-0.005612563656000157,,-0.005612563656000158,1,0
300304,云意电气,2,2,-0.002792890989790075,0.5,0.004390856365640184,-0.009976638345220334,0.4401138152656181,-0.0056295879655658965,2,0
601799,星宇股份,1,1,-0.0056478890201751,0,,-0.0056478890201751,,-0.005647889020175101,1,0
000672,上峰材料,8,8,-0.0004720301368122126,0.125,0.05636427292610835,-0.00859150200294372,6.560467879399454,-0.005666627762962673,8,0
300224,正海磁材,2,2,-0.002838242254867506,0,,-0.002838242254867506,,-0.005671808025225267,2,0
301160,翔楼新材,1,1,-0.0056808770362366525,0,,-0.0056808770362366525,,-0.005680877036236653,1,0
000922,佳电股份,2,2,-0.002844371330524064,0,,-0.002844371330524064,,-0.0056817415485194145,2,0
688508,芯朋微,1,1,-0.005745873777190601,0,,-0.005745873777190601,,-0.005745873777190602,1,0
600063,皖维高新,2,2,-0.0028868431429884813,0.5,0.00018908787910543266,-0.005962774165082395,0.031711393702065487,-0.005774813774297338,2,0
002810,山东赫达,1,1,-0.005866105977305968,0,,-0.005866105977305968,,-0.005866105977305969,1,0
300124,汇川技术,3,3,-0.00193460216433979,0.3333333333333333,0.009810763679415913,-0.007807285086217641,1.2566165537793736,-0.005911575594358287,3,0
300454,深信服,2,2,-0.002979368032608453,0,,-0.002979368032608453,,-0.00595416107494251,2,0
002842,翔鹭钨业,1,1,-0.0059724844611732655,0,,-0.0059724844611732655,,-0.005972484461173266,1,0
600480,凌云股份,1,1,-0.006020099452144766,0,,-0.006020099452144766,,-0.006020099452144767,1,0
000722,湖南发展,1,1,-0.0060250810762974,0,,-0.0060250810762974,,-0.0060250810762974005,1,0
002532,天山铝业,8,8,-0.0007436618106616684,0.5,0.003965833914074125,-0.005453157535397462,0.7272546021880274,-0.006033281818866976,8,0
600011,XD华能国,1,1,-0.006167953880604426,0,,-0.006167953880604426,,-0.0061679538806044265,1,0
002475,立讯精密,8,8,-0.0007527484976657942,0.375,0.006266800650575092,-0.0049644779866103265,1.2623282180880357,-0.006196693478354276,8,0
688332,中科蓝讯,4,4,-0.00136397126985488,0.5,0.013367782169893205,-0.016095724709602965,0.8305175697940319,-0.006209412105263934,3,1
300002,神州泰岳,3,3,-0.002098386492295137,0.3333333333333333,0.0017100244737636725,-0.004002591975324542,0.4272292765052622,-0.0062958218235033,3,0
000338,潍柴动力,2,2,-0.0031530484566997244,0,,-0.0031530484566997244,,-0.006300790816486046,1,1
001203,大中矿业,2,2,-0.0031464779911150593,0.5,0.0024236105413865125,-0.008716566523616631,0.2780464687351369,-0.0063140815447413345,2,0
601678,滨化股份,1,1,-0.006319101716554586,0,,-0.006319101716554586,,-0.006319101716554587,1,0
000063,中兴通讯,1,1,-0.006348923291754404,0,,-0.006348923291754404,,-0.006348923291754405,1,0
600989,宝丰能源,2,2,-0.003161451701775952,0.5,0.005502526018741683,-0.011825429422293587,0.4653129981367262,-0.0063879731366307535,2,0
688059,华锐精密,2,2,-0.003063950431553608,0.5,0.014985863259924348,-0.021113764123031564,0.7097674849733351,-0.006444308845157343,2,0
000157,中联重科,1,1,-0.006502058040986357,0,,-0.006502058040986357,,-0.006502058040986358,1,0
300760,迈瑞医疗,3,3,-0.0021225179068518063,0.3333333333333333,0.0127226633781935,-0.00954510854937446,1.3328987630033062,-0.006528564217924138,3,0
301529,福赛科技,2,2,-0.0032819051678508173,0.5,0.0007171532216697649,-0.0072809635573714,0.09849702117293307,-0.0065690319021735055,2,0
000683,博源化工,2,2,-0.0033339700613102532,0.5,0.000661167593608015,-0.0073291077162285214,0.09021119885358223,-0.0066727858911324045,2,0
300627,华测导航,3,3,-0.0022324714136239625,0.3333333333333333,0.000816172750217282,-0.003756793495544585,0.21725249236755545,-0.0066894931732889296,3,0
603040,新坐标,1,1,-0.006691766925346009,0,,-0.006691766925346009,,-0.00669176692534601,1,0
601696,中银证券,1,1,-0.006848007262903021,0,,-0.006848007262903021,,-0.006848007262903022,1,0
600884,杉杉股份,2,2,-0.0034354927844537078,0,,-0.0034354927844537078,,-0.0068617850676880865,2,0
600021,上海电力,2,2,-0.003442332764905797,0,,-0.003442332764905797,,-0.0068740121607958615,1,1
301029,怡合达,5,5,-0.001337818320718176,0.4,0.008485790814180771,-0.007886891077317474,1.0759360983931578,-0.006905064333734834,3,2
605488,福莱新材,1,1,-0.00691099008835283,0,,-0.00691099008835283,,-0.006910990088352831,1,0
000100,TCL科技,5,5,-0.00131700959468064,0.4,0.012122783625520994,-0.01027687174148173,1.1796180715760416,-0.006988477005737348,5,0
600339,中油工程,1,1,-0.007006000415836432,0,,-0.007006000415836432,,-0.007006000415836433,1,0
002624,完美世界,2,2,-0.0034973009878199175,0.5,0.0016454790623917645,-0.0086400810380316,0.19044717927398525,-0.0070088190480851464,2,0
601567,三星电气,2,2,-0.0035153998211124296,0,,-0.0035153998211124296,,-0.0070216083967467036,2,0
603626,科森科技,3,3,-0.00234842223028849,0.6666666666666666,0.0007796444615925111,-0.00860455561405049,0.09060833546353277,-0.0070583929072458584,3,0
002352,顺丰控股,2,2,-0.0035638454494881225,0,,-0.0035638454494881225,,-0.007125099907637988,2,0
600360,华微电子,6,6,-0.0011010966210384108,0.3333333333333333,0.014842327577583525,-0.009072808720349379,1.635913203404554,-0.007149615610400617,6,0
601225,陕西煤业,4,4,-0.00180161014079011,0.25,0.0014177580426840706,-0.0028747328686148364,0.493179056100334,-0.007195074259122136,3,1
300790,宇瞳光学,3,3,-0.002425102983132106,0.3333333333333333,0.0021616845868995824,-0.00471849676814795,0.45812992847467016,-0.007275801990130781,2,1
600886,国投电力,2,2,-0.0036608309635285377,0,,-0.0036608309635285377,,-0.007309596527412809,2,0
301078,孩子王,1,1,-0.007313155335000986,0,,-0.007313155335000986,,-0.007313155335000987,1,0
000997,新 大 陆,5,5,-0.001455374739219483,0.6,0.0022018422493718854,-0.006941200222106536,0.31721347589994514,-0.0073531468071966755,5,0
603979,金诚信,8,8,-0.0008652592926483569,0.375,0.012481173876476551,-0.008873119194123303,1.406627545896473,-0.007366333612806031,8,0
001283,豪鹏科技,1,1,-0.007383780760474189,0,,-0.007383780760474189,,-0.00738378076047419,1,0
002925,盈趣科技,2,2,-0.003712712356564173,0,,-0.003712712356564173,,-0.007411644393738759,2,0
300482,万孚生物,1,1,-0.007564597085659041,0,,-0.007564597085659041,,-0.007564597085659042,1,0
002603,以岭药业,2,2,-0.003800029317636455,0.5,0.0035636007171978576,-0.011163659352470767,0.3192143906119057,-0.0076398414597478315,2,0
688677,海泰新光,4,4,-0.001879221695138433,0.5,0.006469420382647862,-0.010227863772924728,0.6325289939599857,-0.007706655577567556,3,1
002202,金风科技,2,2,-0.0038667613831477317,0.5,0.0035850703309682217,-0.011318593097263685,0.3167416922015623,-0.007774100718596633,2,0
301382,蜂助手,3,3,-0.002561037320475893,0.6666666666666666,0.0033721464661184983,-0.014427404893664675,0.233732018403342,-0.007774156726994774,3,0
600660,福耀玻璃,1,1,-0.00777642359106212,0,,-0.00777642359106212,,-0.0077764235910621204,1,0
688798,艾为电子,5,5,-0.0014894162153580744,0.4,0.010302246030961415,-0.009350524379571068,1.1017827035957106,-0.007800719070335305,5,0
601021,春秋航空,2,2,-0.0039245217546725044,0,,-0.0039245217546725044,,-0.007836476816013627,2,0
601211,国泰海通,2,2,-0.003928599903027297,0.5,0.0015368415389004362,-0.009394041344955029,0.16359748509365257,-0.007871636959011608,2,0
300596,利安隆,3,3,-0.0025431292104152923,0.6666666666666666,0.00811004265066162,-0.023849472932569116,0.34005123189059877,-0.007961915008564135,3,0
600918,中泰证券,1,1,-0.007968634747042014,0,,-0.007968634747042014,,-0.007968634747042014,1,0
601099,太平洋,2,2,-0.004058101076937436,0,,-0.004058101076937436,,-0.008109085951720996,2,0
002568,百润股份,3,3,-0.002668033642804805,0.3333333333333333,0.01168738820176174,-0.009845744565088077,1.1870497070586137,-0.00814623663516334,1,2
000568,泸州老窖,3,3,-0.0026802805225510187,0.3333333333333333,0.009812854185491049,-0.008926847876572053,1.099251865963154,-0.008199018202138864,3,0
300263,隆华科技,2,2,-0.0041119461477005514,0.5,0.002843212133376017,-0.01106710442877712,0.25690659663271864,-0.00825535842099423,2,0
002078,太阳纸业,1,1,-0.008275679338765274,0,,-0.008275679338765274,,-0.008275679338765274,1,0
600531,豫光金铅,3,3,-0.0027123021183846165,0.6666666666666666,0.004617532169689188,-0.017371970694532224,0.26580358963779177,-0.008276621703365628,3,0
603155,新亚强,1,1,-0.008296140852380174,0,,-0.008296140852380174,,-0.008296140852380174,1,0
600361,创新新材,1,1,-0.008299320884132655,0,,-0.008299320884132655,,-0.008299320884132655,1,0
300170,汉得信息,2,2,-0.004137073042149608,0.5,0.0028884941513745996,-0.011162640235673815,0.25876442225052504,-0.008306389305333783,2,0
300035,中科电气,3,3,-0.0027987324455082106,0.3333333333333333,0.000368956757951123,-0.004382577047237878,0.08418716978031413,-0.008387409246716104,3,0
601868,中国能建,1,1,-0.008407400212333771,0,,-0.008407400212333771,,-0.008407400212333771,1,0
301127,武汉天源,1,1,-0.008418379012070765,0,,-0.008418379012070765,,-0.008418379012070765,1,0
002841,视源股份,2,2,-0.004218019736240585,0,,-0.004218019736240585,,-0.008421683256274903,2,0
300913,兆龙互连,1,1,-0.008450840349953248,0,,-0.008450840349953248,,-0.008450840349953248,1,0
688726,拉普拉斯,3,3,-0.0027814869551092323,0.3333333333333333,0.008970510221149586,-0.008657485543238641,1.0361565348677264,-0.008464073270801786,3,0
301607,富特科技,3,3,-0.0028253712122657446,0.3333333333333333,0.004059391697187721,-0.006267752666992477,0.6476630321686868,-0.008497525929137328,3,0
000875,电投绿能,1,1,-0.008504683381911682,0,,-0.008504683381911682,,-0.008504683381911682,1,0
601677,明泰铝业,3,3,-0.002851865549165684,0.3333333333333333,0.006728957816523385,-0.0076422772320102195,0.8804911955220192,-0.0086174718233063,2,1
600428,中远海特,4,4,-0.002189497463600503,0.25,0.002849851831692508,-0.003869280562031506,0.7365327445255707,-0.008752742861481422,4,0
688786,悦安新材,1,1,-0.008794454119808615,0,,-0.008794454119808615,,-0.008794454119808615,1,0
301358,湖南裕能,1,1,-0.008812526609215943,0,,-0.008812526609215943,,-0.008812526609215943,1,0
603290,斯达半导,1,1,-0.008824954349989311,0,,-0.008824954349989311,,-0.008824954349989311,1,0
600096,云天化,2,2,-0.0044637211293803705,0,,-0.0044637211293803705,,-0.008909053540349876,2,0
600895,张江高科,5,5,-0.0017811325705447516,0.4,0.00394078335095538,-0.005595743184878173,0.7042466426273593,-0.008952186875681445,5,0
000682,东方电子,2,2,-0.004490783437605505,0,,-0.004490783437605505,,-0.008964955265407526,2,0
300684,中石科技,2,2,-0.004472694772885977,0.5,0.0035654457313188956,-0.012510835277090848,0.284988624048767,-0.008989996250005738,1,1
301413,安培龙,2,2,-0.00443962672389453,0.5,0.008852188227349678,-0.017731441675138737,0.49923680147008775,-0.009036215507039591,2,0
000600,建投能源,1,1,-0.009040193491417048,0,,-0.009040193491417048,,-0.009040193491417048,1,0
688049,炬芯科技,2,2,-0.004527607751157791,0,,-0.004527607751157791,,-0.009043041648376327,2,0
600741,华域汽车,1,1,-0.009049483828931004,0,,-0.009049483828931004,,-0.009049483828931004,1,0
300007,汉威科技,1,1,-0.009051108046691847,0,,-0.009051108046691847,,-0.009051108046691847,1,0
300827,上能电气,2,2,-0.004595929060089321,0,,-0.004595929060089321,,-0.009181378586322841,2,0
000963,华东医药,4,4,-0.002256099458232102,0.25,0.014547722470656832,-0.007857373434528414,1.8514739806979736,-0.009194834550169895,4,0
002051,中工国际,1,1,-0.009206295078022952,0,,-0.009206295078022952,,-0.009206295078022952,1,0
601231,环旭电子,6,6,-0.0015275174537329548,0.3333333333333333,0.0072201552890998055,-0.005901353825149335,1.2234743929994907,-0.009266437321019838,5,1
301687,新广益,2,2,-0.0046117249627719015,0.5,0.005655599601240292,-0.014879049526784094,0.3801048979008724,-0.009307599872114158,2,0
002824,和胜股份,2,2,-0.004632633654748808,0.5,0.004482104967403867,-0.013747372276901482,0.3260335776994095,-0.009326884475068575,2,0
603993,洛阳钼业,2,2,-0.004659124655164548,0.5,0.002172896162164429,-0.011491145472493525,0.18909308626939877,-0.009343218376225093,2,0
300763,锦浪科技,3,3,-0.0031240988100248806,0.3333333333333333,0.0012880702469569858,-0.005330183338515814,0.24165589908501123,-0.009357876626539197,3,0
002559,亚威股份,2,2,-0.004679300217652449,0.5,0.0006667048136393969,-0.010025305248944294,0.06650219590167628,-0.009365284354572512,2,0
301419,阿莱德,1,1,-0.009472595813852513,0,,-0.009472595813852513,,-0.009472595813852513,1,0
002145,钛能化学,1,1,-0.009474568565903119,0,,-0.009474568565903119,,-0.009474568565903119,1,0
300201,海伦哲,2,2,-0.004816192180933764,0,,-0.004816192180933764,,-0.009610000067832747,2,0
600906,财达证券,2,2,-0.004842838646744784,0,,-0.004842838646744784,,-0.00966877357593976,1,1
600150,中国船舶,2,2,-0.004881506906044663,0,,-0.004881506906044663,,-0.009741183309668888,2,0
300012,华测检测,1,1,-0.009746347173728576,0,,-0.009746347173728576,,-0.009746347173728576,1,0
600982,宁波能源,1,1,-0.009802766797323947,0,,-0.009802766797323947,,-0.009802766797323947,1,0
002250,联化科技,1,1,-0.010146318415812039,0,,-0.010146318415812039,,-0.010146318415812039,1,0
300850,新强联,3,3,-0.0034083338054033212,0,,-0.0034083338054033212,,-0.010192803112898163,3,0
000601,韶能股份,1,1,-0.010202445238506663,0,,-0.010202445238506663,,-0.010202445238506663,1,0
002414,高德红外,2,2,-0.005226678602548329,0,,-0.005226678602548329,,-0.010433873964239893,0,2
603890,春秋电子,3,3,-0.003481745647215335,0.3333333333333333,0.0030907628430035814,-0.006767999892324794,0.45667300416311185,-0.010447787242724438,3,0
000533,顺钠股份,1,1,-0.010451831965108127,0,,-0.010451831965108127,,-0.010451831965108127,1,0
600104,上汽集团,3,3,-0.0035330464133723747,0,,-0.0035330464133723747,,-0.010565631579898094,3,0
301031,中熔电气,4,4,-0.0026332322787689095,0.25,0.011639425297113148,-0.007390784804062929,1.574856474066816,-0.010630059516201107,2,2
001257,盛龙股份,3,3,-0.003513238231534451,0.3333333333333333,0.008448810028448883,-0.009494262361526118,0.8898858812545826,-0.01063137459271124,3,0
002993,奥海科技,5,5,-0.002123278638953673,0.4,0.003370166916479956,-0.005785575675909427,0.5825119409487638,-0.010660380571040018,4,1
603296,华勤技术,9,9,-0.0011672057074353984,0.4444444444444444,0.0057559356947518014,-0.006705718829185159,0.8583622190808782,-0.010750798801838712,9,0
301297,富乐德,1,1,-0.010838327066202802,0,,-0.010838327066202802,,-0.010838327066202802,1,0
600196,复星医药,3,3,-0.003619251992355428,0.3333333333333333,0.0010763802831795797,-0.005967068130122932,0.1803867929286412,-0.010841588947104186,3,0
601872,招商轮船,3,3,-0.0036071726858027575,0.6666666666666666,0.0014868844945893364,-0.013795287046586946,0.1077820627847829,-0.010860917717225527,3,0
600497,驰宏锌锗,6,6,-0.0017606523670899803,0.3333333333333333,0.011563336691460258,-0.008422646896365099,1.3728863187236975,-0.010982761450771483,6,0
600256,广汇能源,1,1,-0.011060305031879492,0,,-0.011060305031879492,,-0.011060305031879492,1,0
300142,沃森生物,1,1,-0.011108327759330905,0,,-0.011108327759330905,,-0.011108327759330905,1,0
600685,中船防务,1,1,-0.011192090417446177,0,,-0.011192090417446177,,-0.011192090417446177,1,0
001287,中电港,3,3,-0.003758094776851221,0.3333333333333333,0.0006286396031919281,-0.005951461966872795,0.10562776116038051,-0.01126204241225881,3,0
000426,兴业银锡,8,8,-0.0013489860690018697,0.25,0.01572676089109548,-0.007040901722367654,2.233628803699169,-0.011338436088616066,6,2
002402,和而泰,2,2,-0.005714911268823285,0,,-0.005714911268823285,,-0.01139972508643683,2,0
688188,柏楚电子,2,2,-0.005716606545602631,0,,-0.005716606545602631,,-0.011404081888959028,2,0
600410,华胜天成,1,1,-0.011520818544525468,0,,-0.011520818544525468,,-0.011520818544525468,1,0
000951,中国重汽,2,2,-0.005791040549606662,0,,-0.005791040549606662,,-0.011549262569261254,2,0
300547,川环科技,4,4,-0.0028988774154622967,0.5,0.0024754879401653893,-0.008273242771089984,0.2992161609007454,-0.011608591078621222,4,0
603160,汇顶科技,5,5,-0.0023521533168387337,0.4,0.0021376236145940206,-0.005345337937793904,0.3999042978143769,-0.011748372825934217,5,0
000751,锌业股份,1,1,-0.01177580071905815,0,,-0.01177580071905815,,-0.01177580071905815,1,0
000539,粤电力Ａ,2,2,-0.005895679672697718,0.5,0.00027874064260447005,-0.012070099987999905,0.023093482479978958,-0.011794723772822313,2,0
688131,皓元医药,3,3,-0.003884472881826917,0.3333333333333333,0.01261334831623151,-0.01213338348085613,1.0395573778849618,-0.011810610021696588,3,0
300066,三川智慧,2,2,-0.005919869142124057,0.5,0.0024542281620522086,-0.014293966446300321,0.1716967904795545,-0.011874818939247911,2,0
601100,恒立液压,4,4,-0.0029799871355992704,0.25,0.0010487771527026854,-0.004322908565033256,0.24260914542258363,-0.01187899225272171,4,0
688116,天奈科技,2,2,-0.006041333334003418,0,,-0.006041333334003418,,-0.012062121112217605,2,0
688352,颀中科技,1,1,-0.012081846087942605,0,,-0.012081846087942605,,-0.012081846087942605,1,0
002083,孚日股份,4,4,-0.0030279434389566253,0.5,0.0016747053773610307,-0.007730592255274282,0.2166335155263744,-0.012104052051854275,3,1
300130,新国都,2,2,-0.006076338235368516,0,,-0.006076338235368516,,-0.012115853441372448,2,0
300488,恒锋工具,4,4,-0.0030510438583046797,0.25,0.006331035134889863,-0.00617840352270286,1.0247040536646967,-0.012214011258011248,4,0
600521,华海药业,2,2,-0.006106649349647331,0.5,0.000727045356792134,-0.012940344056086794,0.05618439151547529,-0.012222706916355852,2,0
688112,鼎阳科技,4,4,-0.003082076228851454,0.25,0.006221672146715097,-0.006183325687373638,1.0062015913895273,-0.012338945035020754,3,1
300775,三角防务,4,4,-0.003070082057327006,0.25,0.007652119397944968,-0.006644149209084331,1.1517079398943166,-0.01234265304022486,3,1
603766,隆鑫通用,4,4,-0.003082215126463699,0.25,0.007709394749052635,-0.006679418418302478,1.1542014987304714,-0.012377132488081699,4,0
601600,中国铝业,3,3,-0.004145342561712949,0,,-0.004145342561712949,,-0.012386305078919801,3,0
300634,彩讯股份,1,1,-0.012414369557844362,0,,-0.012414369557844362,,-0.012414369557844362,1,0
688608,恒玄科技,7,7,-0.0017550276912000776,0.42857142857142855,0.007311105734825296,-0.008554627760719108,0.8546375060755091,-0.012466173825594784,7,0
600821,金开新能,2,2,-0.00626095707824642,0,,-0.00626095707824642,,-0.012483256325826808,2,0
301219,腾远钴业,2,2,-0.006262900711089148,0,,-0.006262900711089148,,-0.012503165477635525,2,0
002074,国轩高科,2,2,-0.006315013902159937,0,,-0.006315013902159937,,-0.012590312463269804,2,0
688615,合合信息,1,1,-0.012600496844110576,0,,-0.012600496844110576,,-0.012600496844110576,1,0
600030,中信证券,2,2,-0.006327647091646127,0,,-0.006327647091646127,,-0.01262212142442698,2,0
002317,众生药业,1,1,-0.012649060896359421,0,,-0.012649060896359421,,-0.012649060896359421,1,0
603876,鼎胜新材,3,3,-0.004269923069357694,0.3333333333333333,0.006057969298630562,-0.009433869253351823,0.6421510767152285,-0.012845388090659049,3,0
603486,科沃斯,2,2,-0.0064695732482457635,0,,-0.0064695732482457635,,-0.012921252085248636,2,0
000700,模塑科技,5,5,-0.0024976308766275768,0.4,0.014592262374072074,-0.013890893043760677,1.0504913059298537,-0.012977406787196832,5,0
300802,矩子科技,4,4,-0.003247804248240699,0.25,0.011355816662952267,-0.00811567788530502,1.399244379020283,-0.013077404738080167,4,0
002023,海特高新,3,3,-0.004380551698959085,0.3333333333333333,0.0004902760041473062,-0.006815965550512281,0.07193052847963081,-0.013102753467811867,3,0
688698,伟创电气,1,1,-0.013150521549356253,0,,-0.013150521549356253,,-0.013150521549356253,1,0
600499,科达制造,5,5,-0.0026338406203326057,0.2,0.009932480656510534,-0.005775420939543391,1.7197847153450607,-0.01322780915269961,5,0
300953,震裕科技,5,5,-0.002649390264289319,0.4,0.005867926487155507,-0.008327601431919204,0.704635846843497,-0.013354484588304127,5,0
000899,赣能股份,1,1,-0.01341718704285011,0,,-0.01341718704285011,,-0.01341718704285011,1,0
002716,湖南白银,2,2,-0.006827251362398201,0,,-0.006827251362398201,,-0.0136129802427859,2,0
002823,凯中精密,1,1,-0.013650269299885442,0,,-0.013650269299885442,,-0.013650269299885442,1,0
688360,德马科技,2,2,-0.006862011352433971,0,,-0.006862011352433971,,-0.013677402096303193,2,0
002266,浙富控股,2,2,-0.006882347441324488,0,,-0.006882347441324488,,-0.013751930187766326,2,0
002258,利尔化学,2,2,-0.00693225815716908,0,,-0.00693225815716908,,-0.013824272171102048,2,0
605111,新洁能,1,1,-0.013835030218965816,0,,-0.013835030218965816,,-0.013835030218965816,1,0
000422,湖北宜化,2,2,-0.007022896424121794,0,,-0.007022896424121794,,-0.01399893203650393,1,1
300725,药石科技,2,2,-0.007018358875635955,0,,-0.007018358875635955,,-0.014005712895856615,2,0
002782,可立克,3,3,-0.004678358439617651,0.3333333333333333,0.0017579231507843804,-0.007896499234818666,0.22262056874938063,-0.014032436679198512,3,0
603319,美湖股份,2,2,-0.007033123271774688,0,,-0.007033123271774688,,-0.014036862851211085,2,0
688318,财富趋势,2,2,-0.007104597167409243,0,,-0.007104597167409243,,-0.014170876546979572,2,0
603681,永冠新材,3,3,-0.004776749025000692,0.3333333333333333,0.002009445147696077,-0.008169846111349077,0.24595875127986463,-0.01430542503592347,3,0
300286,安科瑞,1,1,-0.014322218514812302,0,,-0.014322218514812302,,-0.014322218514812302,1,0
300207,欣旺达,2,2,-0.00723593201109135,0,,-0.00723593201109135,,-0.014419612608909116,2,0
300820,英杰电气,3,3,-0.004856917519291737,0,,-0.004856917519291737,,-0.014524162431694854,3,0
002034,旺能环境,2,2,-0.00730962481836972,0,,-0.00730962481836972,,-0.014592495090407276,1,1
002545,东方铁塔,5,5,-0.002913271577906528,0.2,0.0075516709027273485,-0.005529507198064998,1.365704145456215,-0.014593161163023893,5,0
000725,京东方Ａ,6,6,-0.0024369139336826717,0.3333333333333333,0.008470964297456529,-0.007890853049252272,1.0735169245433138,-0.014730776982129323,6,0
600452,涪陵电力,2,2,-0.0075168018421609695,0,,-0.0075168018421609695,,-0.014996424982327117,2,0
002429,兆驰股份,5,5,-0.0029963822855008536,0.6,0.00420681788712074,-0.013801182544433244,0.30481575572069913,-0.015096100721418648,5,0
600575,淮河能源,2,2,-0.007589521556199241,0,,-0.007589521556199241,,-0.015123092181288045,2,0
300748,金力永磁,2,2,-0.007656022003877938,0,,-0.007656022003877938,,-0.015254620426036758,2,0
601127,赛力斯,3,3,-0.005092416374683051,0.3333333333333333,0.0014458313337385462,-0.008361540228893849,0.17291447438623586,-0.015255650343663607,3,0
300184,力源信息,2,2,-0.007685705548721333,0,,-0.007685705548721333,,-0.015312974075609387,2,0
603605,珀莱雅,3,3,-0.005139187252899598,0.3333333333333333,0.0006831926338651826,-0.008050377196281988,0.08486467369264517,-0.015366081404231235,3,0
301305,朗坤科技,3,3,-0.005143404698776018,0.3333333333333333,0.001506254710324729,-0.008468234403326391,0.177871163997664,-0.015385832787550124,3,0
688187,时代电气,5,5,-0.00305987196681734,0.4,0.005993119407031734,-0.00909519954938339,0.6589321514598366,-0.015389564510883469,5,0
300573,兴齐眼药,1,1,-0.015418288472416886,0,,-0.015418288472416886,,-0.015418288472416886,1,0
600459,贵研铂业,3,3,-0.005114474035658271,0.3333333333333333,0.00600075675499412,-0.010672089430984466,0.5622850889509993,-0.015418703160845482,3,0
600909,华安证券,3,3,-0.005170815275240955,0.3333333333333333,0.0023519255430749517,-0.008932185684398908,0.2633090741925418,-0.015478046793889533,3,0
600851,海欣股份,1,1,-0.015508941282081024,0,,-0.015508941282081024,,-0.015508941282081024,1,0
000783,长江证券,1,1,-0.015568095176898611,0,,-0.015568095176898611,,-0.015568095176898611,1,0
603730,岱美股份,5,5,-0.0031756300196960955,0,,-0.0031756300196960955,,-0.01578460005326765,5,0
600961,株冶集团,4,4,-0.004015312694300304,0,,-0.004015312694300304,,-0.01598430959281716,4,0
688271,联影医疗,3,3,-0.005368804246121554,0,,-0.005368804246121554,,-0.01604548880670298,2,1
300545,联得装备,2,2,-0.008065250965560988,0,,-0.008065250965560988,,-0.01607368721466995,2,0
300759,康龙化成,2,2,-0.008069762429452843,0,,-0.008069762429452843,,-0.01607787325407084,2,0
300063,天龙集团,3,3,-0.0053841067390597575,0.3333333333333333,0.0014155143005657464,-0.008783917258872509,0.1611484100827516,-0.016104839250645098,3,0
300699,光威复材,2,2,-0.008096731190533835,0,,-0.008096731190533835,,-0.01612813958609738,2,0
000776,广发证券,2,2,-0.008115559654381599,0,,-0.008115559654381599,,-0.016180037532815605,2,0
600160,巨化股份,5,5,-0.0032504678693652035,0.2,0.009121457177244552,-0.006343449131017642,1.4379333685586362,-0.01625506673292032,5,0
600577,精达股份,2,2,-0.008204459092765848,0,,-0.008204459092765848,,-0.01634554618445072,2,0
605499,东鹏饮料,4,4,-0.004086405205607158,0.25,0.01274080313914372,-0.00969547465385745,1.3140979265078736,-0.016433440843116376,4,0
601233,桐昆股份,5,5,-0.0032888477847309075,0.4,0.005460480533620804,-0.009121733330298717,0.5986231274140947,-0.016544040106180047,5,0
600888,新疆众和,5,5,-0.003305383805470008,0.4,0.006342265276563008,-0.009737149860158686,0.6513471978605913,-0.016607734007920705,5,0
300347,泰格医药,8,8,-0.0020575484252496057,0.25,0.013063719978086086,-0.007097971226361503,1.840486465987365,-0.016808989611581948,8,0
300919,中伟新材,3,3,-0.005636264847035979,0,,-0.005636264847035979,,-0.01681616126881802,3,0
002460,赣锋锂业,1,1,-0.016821540809044522,0,,-0.016821540809044522,,-0.016821540809044522,1,0
688503,聚和材料,3,3,-0.005654647493080793,0,,-0.005654647493080793,,-0.016889593893803623,3,0
300438,鹏辉能源,3,3,-0.005713817050002733,0,,-0.005713817050002733,,-0.01704481252861212,3,0
002452,长高电气,4,4,-0.004251422712381936,0.25,0.010600898297754013,-0.009202196382427252,1.1519965296543506,-0.017079290759348775,4,0
002714,牧原股份,3,3,-0.005719087060723993,0.3333333333333333,0.0015973629641842244,-0.009377312073178101,0.17034337256975346,-0.017129201995178645,3,0
000830,鲁西化工,3,3,-0.005773306332446475,0,,-0.005773306332446475,,-0.01727711908130458,3,0
603662,柯力传感,2,2,-0.008668563186117084,0,,-0.008668563186117084,,-0.01728878011276047,2,0
688428,诺诚健华,4,4,-0.004347248295858169,0.5,0.0007984880706046757,-0.009492984662321013,0.08411349001478816,-0.017329450828765247,4,0
000065,北方国际,1,1,-0.017329707912389858,0,,-0.017329707912389858,,-0.017329707912389858,1,0
601126,四方股份,2,2,-0.008714687991463077,0,,-0.008714687991463077,,-0.01737431085609109,2,0
002683,广东宏大,4,4,-0.004373442868960797,0.25,0.0004636266241863094,-0.005985799366676499,0.07745442100304295,-0.01741628521074623,4,0
002645,华宏科技,3,3,-0.005857311209675957,0.3333333333333333,0.006381679167405508,-0.011976806398216688,0.5328364636799775,-0.01763354852425103,3,0
688312,燕麦科技,2,2,-0.008682063857422317,0.5,0.010901148512833969,-0.028265276227678604,0.38567281016553745,-0.017672251688758744,2,0
603166,福达股份,1,1,-0.017775336363523242,0,,-0.017775336363523242,,-0.017775336363523242,1,0
688612,威迈斯,2,2,-0.008984890224736752,0,,-0.008984890224736752,,-0.01788954588632019,2,0
600760,中航沈飞,2,2,-0.009038684069485103,0,,-0.009038684069485103,,-0.018029935944859132,1,1
301246,宏源药业,1,1,-0.018257087203250033,0,,-0.018257087203250033,,-0.018257087203250033,1,0
603328,依顿电子,3,3,-0.006105989781994762,0,,-0.006105989781994762,,-0.018271439796254785,3,0
600999,招商证券,2,2,-0.009187273104972804,0,,-0.009187273104972804,,-0.018303025123750816,2,0
688065,凯赛生物,3,3,-0.006268190771806552,0,,-0.006268190771806552,,-0.018699008464108102,3,0
300049,福瑞医科,4,4,-0.004726854531626772,0,,-0.004726854531626772,,-0.018783408875626018,4,0
300307,慈星股份,2,2,-0.009438836675153717,0,,-0.009438836675153717,,-0.01879191276771386,2,0
300093,金刚光伏,1,1,-0.01881926524106714,0,,-0.01881926524106714,,-0.01881926524106714,1,0
688550,瑞联新材,4,4,-0.00472573377138899,0.25,0.00599013480374866,-0.00829768996310154,0.721903907037477,-0.018852303999692177,4,0
002738,中矿资源,3,3,-0.0062349126982116365,0.3333333333333333,0.013318844028633259,-0.016011791061634084,0.8318147531007067,-0.018902214806564288,3,0
603369,今世缘,7,7,-0.0027063019769555225,0.42857142857142855,0.003010038880729668,-0.006993557620219415,0.4304016702496592,-0.018918003522008453,7,0
000969,安泰科技,4,4,-0.004763533410756721,0.25,0.0038426335746751814,-0.007632255739234021,0.5034728533691444,-0.019008597848849673,4,0
002318,久立特材,2,2,-0.009574401977342328,0,,-0.009574401977342328,,-0.019057625401671774,2,0
601888,中国中免,2,2,-0.009599347956665005,0,,-0.009599347956665005,,-0.0191070186212543,2,0
300679,电连技术,3,3,-0.006424758755403492,0,,-0.006424758755403492,,-0.019189703514393752,3,0
601058,赛轮轮胎,3,3,-0.006427695008279481,0,,-0.006427695008279481,,-0.01920519373983476,3,0
301603,乔锋智能,2,2,-0.00964328094845962,0,,-0.00964328094845962,,-0.01923022191658641,2,0
600845,宝信软件,2,2,-0.009693798494898098,0,,-0.009693798494898098,,-0.0192981918053583,1,1
300735,光弘科技,5,5,-0.0038828274162024936,0,,-0.0038828274162024936,,-0.019301057218438333,4,1
600801,华新建材,1,1,-0.01932054503774372,0,,-0.01932054503774372,,-0.01932054503774372,1,0
605589,圣泉集团,2,2,-0.0096807956856505,0.5,0.001844233582811384,-0.021205824954112384,0.08696825456223231,-0.019400699865832483,2,0
688778,厦钨新能,3,3,-0.0065214452191860355,0,,-0.0065214452191860355,,-0.019457073695242966,3,0
603288,海天味业,2,2,-0.009812226828558812,0,,-0.009812226828558812,,-0.019534614620372537,2,0
600563,法拉电子,5,5,-0.003962384579134648,0.4,0.0018977942877315144,-0.007869170490378755,0.24116827689168172,-0.01978680666826771,5,0
300442,润泽科技,3,3,-0.006701689766165623,0,,-0.006701689766165623,,-0.019979898126075146,3,0
605580,恒盛能源,2,2,-0.01009222736671328,0,,-0.01009222736671328,,-0.02009905507109855,2,0
301500,飞南资源,2,2,-0.010126033948991975,0,,-0.010126033948991975,,-0.02015061030852039,2,0
603806,福斯特,5,5,-0.004067853916849339,0.2,0.0009047449505518177,-0.005311003633699628,0.17035291499538577,-0.020192181809069343,5,0
688213,思特威-W,5,5,-0.004058654759428149,0.4,0.003848528493683002,-0.009330110261502248,0.4124847816175055,-0.02032959256192468,5,0
300450,先导智能,3,3,-0.006977093043295117,0,,-0.006977093043295117,,-0.0208060515663141,3,0
600486,扬农化工,4,4,-0.005253467115251986,0.25,0.00047843310765205514,-0.007164100522886667,0.06678202045373836,-0.02087338539771655,4,0
300938,信测标准,4,4,-0.005259485599588665,0,,-0.005259485599588665,,-0.020892573542219517,4,0
000712,锦龙股份,2,2,-0.010518151651054852,0,,-0.010518151651054852,,-0.020926243079191442,2,0
605123,派克新材,2,2,-0.010499840010164296,0,,-0.010499840010164296,,-0.020954033327031385,2,0
300401,花园生物,3,3,-0.0070344732159009675,0,,-0.0070344732159009675,,-0.02101076935122148,3,0
600711,盛屯矿业,6,6,-0.00346902350087136,0.3333333333333333,0.009944140792435108,-0.010175605647524594,0.9772529652673997,-0.021039176639045754,6,0
688617,惠泰医疗,5,5,-0.004243873033386469,0.4,0.0017424785526588557,-0.008234774090750019,0.21160004311668393,-0.02111007366941109,5,0
601179,中国西电,2,2,-0.010641928268513734,0,,-0.010641928268513734,,-0.02117587031589996,2,0
002353,杰瑞股份,5,5,-0.0042395550485705424,0.4,0.006224235927528522,-0.011215415699303252,0.5549714869610404,-0.02127310320532072,5,0
601702,华峰铝业,3,3,-0.007145823282998953,0.3333333333333333,0.002158571760950357,-0.011798020804973608,0.18296049792015823,-0.02136352062863278,3,0
688472,阿特斯,3,3,-0.007167436606200006,0.3333333333333333,0.001626946827563259,-0.011564628323081638,0.14068301912618017,-0.02142938656195259,3,0
000949,新乡化纤,6,6,-0.003620218816891896,0.3333333333333333,0.005354366144174172,-0.00810751129742493,0.6604204357846286,-0.021728805162549936,6,0
601016,节能风电,2,2,-0.01092854229240492,0,,-0.01092854229240492,,-0.021760820923864554,2,0
002138,顺络电子,3,3,-0.007392384091883327,0.3333333333333333,0.003387947948184978,-0.012782550111917479,0.2650447616885392,-0.022130884828267194,3,0
301323,新莱福,4,4,-0.005615609995977322,0.25,0.005095041813379831,-0.009185827265763039,0.5546633597574624,-0.022352979723213262,4,0
002334,英威腾,2,2,-0.01125098194943297,0,,-0.01125098194943297,,-0.02237665366402586,2,0
600237,铜峰电子,6,6,-0.0037354913681683644,0.16666666666666666,0.013026409067585898,-0.007087871455319217,1.8378449933385856,-0.02239666076158342,6,0
002497,雅化集团,4,4,-0.005622201566785084,0.25,0.008943138074244517,-0.010477314780461619,0.8535715745528543,-0.02244533939547122,4,0
601991,大唐发电,6,6,-0.003666748785030501,0.16666666666666666,0.031344982297902724,-0.010669095001617146,2.9379232533923143,-0.02255489699152191,6,0
301092,争光股份,1,1,-0.022616569725315228,0,,-0.022616569725315228,,-0.022616569725315228,1,0
603305,旭升集团,3,3,-0.007597546593683169,0.3333333333333333,0.001491672181581528,-0.012142155981315517,0.12285068515648534,-0.022681213105185893,3,0
600666,奥瑞德,4,4,-0.005832040046711756,0,,-0.005832040046711756,,-0.02314437980782691,4,0
300487,蓝晓科技,3,3,-0.0077897067115111724,0,,-0.0077897067115111724,,-0.0232052966022539,3,0
300001,特锐德,8,8,-0.002918121696236633,0.25,0.004233148427155276,-0.005301878404033935,0.7984242761837926,-0.023212389851485216,8,0
300196,长海股份,4,4,-0.00582254399566548,0.25,0.0089572822642624,-0.010749152748974774,0.8333012353105432,-0.023286780295407428,4,0
688516,奥特维,5,5,-0.004688199248680536,0.2,0.0036403298164165996,-0.006770331514954819,0.5376885619818711,-0.02331729871185606,5,0
300558,贝达药业,2,2,-0.011871284600892318,0,,-0.011871284600892318,,-0.023638801589011216,2,0
603950,长源东谷,3,3,-0.0079408248324645,0,,-0.0079408248324645,,-0.023681269028481555,3,0
002920,德赛西威,3,3,-0.0082338299657266,0,,-0.0082338299657266,,-0.02455455968834297,3,0
603225,新凤鸣,5,5,-0.004963946938473374,0.2,0.009656227418430974,-0.00861899052769946,1.1203431988233508,-0.02471372782317205,4,1
300660,江苏雷利,4,4,-0.006220983534388491,0,,-0.006220983534388491,,-0.024744371788588126,4,0
603236,移远通信,3,3,-0.008355054432475084,0,,-0.008355054432475084,,-0.024887626098936466,3,0
603619,中曼石油,2,2,-0.012564996089862002,0,,-0.012564996089862002,,-0.024974628375788677,2,0
600221,海航控股,3,3,-0.008445391553044912,0,,-0.008445391553044912,,-0.02512281649889858,0,3
002283,天润工业,4,4,-0.006419634328953816,0.25,0.00004060658055149522,-0.008573047965455586,0.0047365395265623386,-0.025480855241709843,4,0
300773,拉卡拉,3,3,-0.008579984412973177,0,,-0.008579984412973177,,-0.025538260602286034,3,0
002415,海康威视,4,4,-0.0065370990420299535,0.25,0.005412048883714716,-0.01052014835061151,0.5144460613428637,-0.025994895999621792,4,0
000791,甘肃能源,4,4,-0.00658429141468711,0,,-0.00658429141468711,,-0.02612071191131904,4,0
300014,亿纬锂能,4,4,-0.006607814967730968,0,,-0.006607814967730968,,-0.026195116639609384,4,0
605020,永和股份,6,6,-0.004436185590929694,0.16666666666666666,0.006679720269477164,-0.006659366763011066,1.0030563726538009,-0.026434180547083685,6,0
300113,顺网科技,3,3,-0.00891524196518556,0,,-0.00891524196518556,,-0.02651949536446696,3,0
688036,传音控股,5,5,-0.0053711884039044245,0,,-0.0053711884039044245,,-0.0265914997016512,5,0
603156,养元饮品,7,7,-0.0038646714375393555,0.14285714285714285,0.003956098754856697,-0.005168133136272031,0.765479265054379,-0.02680651584783389,6,1
603439,三力制药,2,2,-0.013608998237024272,0,,-0.013608998237024272,,-0.027083782487155705,2,0
603067,振华股份,3,3,-0.009084888864586102,0,,-0.009084888864586102,,-0.027092680087375087,3,0
300031,宝通科技,3,3,-0.009338059873716054,0,,-0.009338059873716054,,-0.027777808781282443,3,0
300303,聚飞光电,5,5,-0.00570498031750366,0,,-0.00570498031750366,,-0.02820688369540758,5,0
300623,捷捷微电,2,2,-0.01434597760869566,0,,-0.01434597760869566,,-0.028542367237762267,2,0
001301,尚太科技,7,7,-0.004122204076948918,0.42857142857142855,0.003844634179729615,-0.010097332769457817,0.3807574007423799,-0.028682611090141474,7,0
688239,航宇科技,5,5,-0.005757382396564026,0.4,0.005746336651699768,-0.01342652842873989,0.4279837995501176,-0.028722515792899528,5,0
300852,四会富仕,3,3,-0.009663855505210464,0.3333333333333333,0.003615392440404653,-0.016303479478018024,0.22175588010395483,-0.028924714105261318,3,0
603920,世运电路,4,4,-0.007326154291614567,0,,-0.007326154291614567,,-0.029001643750403705,4,0
000408,藏格矿业,4,4,-0.007421082557996367,0.25,0.006571411132812456,-0.012085247121599307,0.543754800103982,-0.029521960893281962,4,0
002056,横店东磁,5,5,-0.005974611828859876,0.2,0.005138889241531054,-0.00875298709645761,0.5871012015556147,-0.02965416217363448,5,0
605198,安德利,5,5,-0.006035376003051951,0,,-0.006035376003051951,,-0.02987223492784863,4,1
002380,科远智慧,2,2,-0.015144746174638679,0,,-0.015144746174638679,,-0.0300867463481711,2,0
603191,望变电气,2,2,-0.015267901067757772,0,,-0.015267901067757772,,-0.030320375503341324,2,0
300378,鼎捷数智,5,5,-0.0061902262664227155,0.2,0.003948849263386457,-0.008724995148875009,0.4525904250956079,-0.030638965166165488,5,0
002048,宁波华翔,4,4,-0.007784252870238206,0.25,0.0011276271089594178,-0.010754879529970748,0.10484795350957175,-0.030831135448465607,4,0
300133,华策影视,4,4,-0.007804880866305236,0.25,0.00030715711372775265,-0.010508893526316232,0.029228302005208623,-0.030947605675872514,4,0
300409,道氏技术,4,4,-0.007809413317608954,0.25,0.0007044760594697727,-0.010647376443301862,0.0661642859366497,-0.030987538324807606,4,0
002335,科华数据,5,5,-0.00629459085812063,0,,-0.00629459085812063,,-0.031114008134917936,5,0
300416,苏试试验,4,4,-0.007877098434877244,0,,-0.007877098434877244,,-0.03127406982052938,4,0
688518,联赢激光,3,3,-0.010691310207377644,0,,-0.010691310207377644,,-0.03174099291365351,3,0
603379,三美股份,4,4,-0.008083810985281187,0,,-0.008083810985281187,,-0.03195531976426813,4,0
600060,海信视像,3,3,-0.010771306310782566,0,,-0.010771306310782566,,-0.03206140377494682,3,0
603031,安孚科技,5,5,-0.006493972785163837,0,,-0.006493972785163837,,-0.03209991355915054,4,1
300866,安克创新,5,5,-0.006505148047308862,0.2,0.006837248885042891,-0.0098407472803968,0.6947896018692595,-0.03234565147123847,4,1
601609,金田股份,4,4,-0.008272795370944414,0,,-0.008272795370944414,,-0.03273164349304425,3,1
605196,华通线缆,4,4,-0.008296182083649711,0.25,0.001979692193954442,-0.011721473509517763,0.16889448176860564,-0.032859780498659785,4,0
300456,赛微电子,6,6,-0.00552893057281469,0.5,0.0019662056762088293,-0.01302406682183821,0.1509671059819793,-0.032916297875646094,6,0
002203,海亮股份,5,5,-0.006759583611387931,0,,-0.006759583611387931,,-0.033416819258539565,5,0
002518,科士达,4,4,-0.008481318644201291,0,,-0.008481318644201291,,-0.033583004331977695,4,0
603063,禾望电气,6,6,-0.005973465821772402,0.16666666666666666,0.0022290585242318315,-0.0076139706909732485,0.29275901033799545,-0.035353736036012995,6,0
300483,首华燃气,6,6,-0.0060239371660089636,0.3333333333333333,0.0034588826980654916,-0.01076534709804619,0.3212978333688141,-0.03583403494347148,6,0
301291,明阳电气,4,4,-0.0091555708163151,0,,-0.0091555708163151,,-0.036150411335388655,4,0
603596,伯特利,3,3,-0.012228385669752226,0,,-0.012228385669752226,,-0.03623910143575981,3,0
601699,潞安环能,5,5,-0.007438147591223498,0,,-0.007438147591223498,,-0.03667544837924841,5,0
002422,科伦药业,3,3,-0.01321651170513923,0,,-0.01321651170513923,,-0.03917444836793338,3,0
300221,银禧科技,5,5,-0.007967307921218381,0,,-0.007967307921218381,,-0.03930379117316474,5,0
300059,东方财富,4,4,-0.010026685509518934,0,,-0.010026685509518934,,-0.03953015320994124,4,0
301235,华康洁净,4,4,-0.00998154407079263,0.25,0.009458325750287488,-0.016461500677819336,0.574572509238595,-0.039637222769202896,4,0
002126,银轮股份,2,2,-0.020125317389964648,0,,-0.020125317389964648,,-0.03988586703044328,2,0
603733,仙鹤股份,5,5,-0.008154171687277745,0.2,0.0007824869530642662,-0.010388336347363247,0.07532360590758845,-0.040206713182277865,5,0
003019,宸展光电,3,3,-0.01372086253327424,0,,-0.01372086253327424,,-0.0406095104110904,2,1
001896,豫能控股,3,3,-0.013946121447663976,0,,-0.013946121447663976,,-0.041283598405919886,2,1
600885,宏发股份,8,8,-0.005246252511681093,0.125,0.0010870510707653444,-0.0061510101663162986,0.17672724339136556,-0.04129374810041919,8,0
600436,片仔癀,4,4,-0.011582879176500083,0,,-0.011582879176500083,,-0.04563148942128059,4,0
002125,湘潭电化,5,5,-0.00924431309854996,0.2,0.003560240591832354,-0.01244545152114554,0.2860676115915361,-0.04563715867982121,5,0
300017,网宿科技,4,4,-0.011817653698608238,0,,-0.011817653698608238,,-0.04647117473572382,4,0
600549,厦门钨业,6,6,-0.007819584908873375,0.3333333333333333,0.007872122181383001,-0.015665438454001562,0.5025152793838435,-0.04679207860395662,5,1
601918,新集能源,6,6,-0.008135581242295261,0.16666666666666666,0.01173144123914971,-0.012108985738584255,0.9688211294004969,-0.04819164105559515,6,0
600522,中天科技,5,5,-0.009852702504742284,0,,-0.009852702504742284,,-0.04839179841950858,5,0
688379,华光新材,5,5,-0.00983640074096177,0,,-0.00983640074096177,,-0.0485605990916953,5,0
688772,珠海冠宇,6,6,-0.009039091184908957,0,,-0.009039091184908957,,-0.05309772525730594,5,1
603501,豪威集团,8,8,-0.007216892122961421,0.125,0.005608867223588222,-0.009049143458182798,0.6198229975585519,-0.05643684864801757,8,0
688800,瑞可达,4,4,-0.014862811741217369,0,,-0.014862811741217369,,-0.05816519360376149,4,0
