symbol,name,level1Code,level1Name,benchmarkWeightPct,targetWeightPct,activeWeightPct,peTtm,pb,valueScore,momentumScore,lowVolatilityScore,alphaScore,factorVersion
300750,宁德时代,630000,电力设备,3.6747060235181173,3.9152546608544174,0.24054863733630016,24.843361,5.320917,-0.04999999999999999,0.30000000000000004,0.30000000000000004,0.17750000000000005,m2-4f41a561bd2dc413a713
000333,美的集团,330000,家用电器,1.2988960883129346,1.4786511885628015,0.17975510024986696,13.06949,2.572981,-0.33333333333333337,1,0.33333333333333337,0.3666666666666667,m2-4f41a561bd2dc413a713
000651,格力电器,330000,家用电器,0.5939524838012956,0.7687364770710916,0.174783993269796,6.629403,1.454415,1,0.33333333333333326,1,0.7333333333333333,m2-4f41a561bd2dc413a713
600150,中国船舶,650000,国防军工,0.5389568834493239,0.6948497192035619,0.15589283575423796,37.676424,1.801723,0.7777777777777777,0.7777777777777777,0.5555555555555556,0.7222222222222221,m2-4f41a561bd2dc413a713
002415,海康威视,710000,计算机,0.442964562834973,0.5529524499381172,0.10998788710314422,22.091391,3.998244,0.6666666666666667,0.8666666666666667,0.19999999999999996,0.6300000000000001,m2-4f41a561bd2dc413a713
002371,北方华创,270000,电子,1.3538916886649064,1.459434745895428,0.1055430572305216,102.034342,17.788949,-0.08108108108108109,-0.027027027027026973,1,0.21081081081081082,m2-4f41a561bd2dc413a713
000725,京东方Ａ,270000,电子,1.1159107271418283,1.220668979167806,0.10475825202597777,54.899537,2.391048,0.7027027027027027,0.1351351351351351,-0.18918918918918926,0.2527027027027027,m2-4f41a561bd2dc413a713
688012,中微公司,270000,电子,1.2419006479481638,1.3425178551900359,0.10061720724187206,139.102416,12.941879,-0.08108108108108109,0.29729729729729737,0.5135135135135135,0.21891891891891896,m2-4f41a561bd2dc413a713
601857,中国石油,750000,石油石化,0.39796816254699613,0.47635065225055023,0.0783824897035541,10.099186,1.001615,0.8,0.19999999999999996,0.6,0.51,m2-4f41a561bd2dc413a713
600919,江苏银行,480000,银行,0.5599552035837132,0.6347052798894703,0.07475007630575714,5.785945,0.775464,-0.43478260869565216,0.9130434782608696,0.5652173913043479,0.3543478260869566,m2-4f41a561bd2dc413a713
600519,贵州茅台,340000,食品饮料,2.6197904167666577,2.690779975660506,0.0709895588938485,16.490033,5.774902,-0.6363636363636364,0.4545454545454546,0.4545454545454546,0.07272727272727278,m2-4f41a561bd2dc413a713
600030,中信证券,490000,非银金融,0.9909207263418922,1.061273062430326,0.07035233608843372,12.617255,1.511685,-0.07692307692307687,0.6923076923076923,-0.23076923076923084,0.19230769230769235,m2-4f41a561bd2dc413a713
600089,特变电工,630000,电力设备,0.40196784257259405,0.46175263737324884,0.059784794800654795,21.372047,1.652195,0.75,0.19999999999999996,0.19999999999999996,0.3924999999999999,m2-4f41a561bd2dc413a713
600999,招商证券,490000,非银金融,0.2769778417726581,0.33462423304712086,0.05764639127446275,14.858608,1.516443,-0.2692307692307692,1,0.9230769230769231,0.5365384615384616,m2-4f41a561bd2dc413a713
601668,中国建筑,620000,建筑装饰,0.31697464202863757,0.3739666102460713,0.05699196821743374,4.014827,0.371901,0.625,0,1,0.46875,m2-4f41a561bd2dc413a713
601006,大秦铁路,420000,交通运输,0.19398448124150064,0.2473437702037325,0.053359288962231854,13.945586,0.558135,0.6875,0.5,1,0.690625,m2-4f41a561bd2dc413a713
600938,中国海油,750000,石油石化,0.22998160147188215,0.2830947227651589,0.05311312129327675,10.570258,1.607522,0.4,1,0.19999999999999996,0.5900000000000001,m2-4f41a561bd2dc413a713
601919,中远海控,420000,交通运输,0.29397648188144937,0.3464542445235845,0.052477762642135106,6.577856,0.8742,0.8125,0.375,0.125,0.465625,m2-4f41a561bd2dc413a713
603259,药明康德,370000,医药生物,1.0889128869690419,1.1403164779153208,0.05140359094627889,19.399284,4.660606,-0.1875,0.875,-0.625,0.12812500000000004,m2-4f41a561bd2dc413a713
002594,比亚迪,280000,汽车,0.7659387249020075,0.8160126574469188,0.050073932544911215,22.276592,3.193454,-0.5454545454545454,0.6363636363636365,0.4545454545454546,0.17727272727272733,m2-4f41a561bd2dc413a713
002475,立讯精密,270000,电子,1.2698984081273492,1.3199369990544751,0.050038590927125925,32.445678,6.43181,0.5405405405405406,-0.18918918918918914,-0.027027027027026973,0.10675675675675679,m2-4f41a561bd2dc413a713
600522,中天科技,730000,通信,0.5859531237500997,0.6325580731930437,0.04660494944294402,72.273755,5.655462,-0.09999999999999998,1,-0.6000000000000001,0.21500000000000002,m2-4f41a561bd2dc413a713
601816,京沪高铁,420000,交通运输,0.4699624030077592,0.5158468591498411,0.045884456142081864,16.976527,1.084078,0.25,0.125,0.5,0.2625,m2-4f41a561bd2dc413a713
000858,五 粮 液,340000,食品饮料,0.5079593632509397,0.5533561747679043,0.04539681151696462,10.102074,2.015772,0.5454545454545455,-0.2727272727272727,0.6363636363636364,0.2409090909090909,m2-4f41a561bd2dc413a713
600406,国电南瑞,630000,电力设备,0.323974082073434,0.3679495211334713,0.043975439060037314,22.976835,3.72867,0.19999999999999996,0.10000000000000009,1,0.36,m2-4f41a561bd2dc413a713
601169,北京银行,480000,银行,0.25597952163826887,0.2966243855064246,0.040644863868155745,4.002342,0.372809,0.8260869565217391,-0.30434782608695654,1,0.41739130434782606,m2-4f41a561bd2dc413a713
600584,长电科技,270000,电子,0.5239580833533316,0.5645363288196008,0.0405782454662692,118.380639,6.462726,0.16216216216216217,0.8378378378378379,-0.7297297297297298,0.20945945945945948,m2-4f41a561bd2dc413a713
300408,三环集团,270000,电子,0.7919366450683942,0.8301795579952634,0.03824291292686921,122.160605,14.768315,-0.054054054054054,1,-1,0.13108108108108113,m2-4f41a561bd2dc413a713
002916,深南电路,270000,电子,0.4409647228221741,0.47849823534028396,0.03753351251810988,95.217068,18.187553,-0.08108108108108103,0.45945945945945943,0.29729729729729726,0.22972972972972974,m2-4f41a561bd2dc413a713
600887,伊利股份,340000,食品饮料,0.5359571234301254,0.5728155003418297,0.03685837691170435,18.919665,2.691422,-0.36363636363636365,0.2727272727272727,0.8181818181818181,0.18636363636363634,m2-4f41a561bd2dc413a713
000538,云南白药,370000,医药生物,0.14898808095352364,0.18565656608454767,0.036668485131024026,16.400647,2.110688,0.5,0.5,1,0.625,m2-4f41a561bd2dc413a713
600989,宝丰能源,220000,基础化工,0.15798736101111907,0.19418227409798322,0.03619491308686415,13.135095,3.080956,0.1428571428571428,0.7142857142857142,1,0.5857142857142856,m2-4f41a561bd2dc413a713
600048,保利发展,430000,房地产,0.11799056075513953,0.15271196009156365,0.034721399336424125,54.038766,0.287361,1,0.33333333333333326,1,0.7333333333333333,m2-4f41a561bd2dc413a713
600015,华夏银行,480000,银行,0.14398848092152622,0.1771879784002879,0.03319949747876169,3.738838,0.322083,0.9565217391304348,0.3913043478260869,0.3913043478260869,0.5891304347826087,m2-4f41a561bd2dc413a713
600941,中国移动,730000,通信,0.27497800175985915,0.3079610579650103,0.03298305620515113,13.606297,1.338924,0.8,-0.4,0.8,0.31999999999999995,m2-4f41a561bd2dc413a713
002602,世纪华通,720000,传媒,0.29397648188144937,0.3257994504754282,0.03182296859397882,27.585413,3.467131,0,0.6000000000000001,0.19999999999999996,0.29000000000000004,m2-4f41a561bd2dc413a713
002938,鹏鼎控股,270000,电子,0.2589792816574673,0.29020798959221616,0.031228707934748856,65.35218,7.155768,0.3513513513513514,0.7837837837837838,-0.45945945945945943,0.32162162162162167,m2-4f41a561bd2dc413a713
600219,南山铝业,240000,有色金属,0.09699224062075032,0.1262688319053285,0.029276591284578185,9.675827,0.924025,1,0.4444444444444444,0.8888888888888888,0.75,m2-4f41a561bd2dc413a713
600104,上汽集团,280000,汽车,0.15898728101751855,0.18545897843540363,0.026471697417885076,11.101932,0.375466,0.6363636363636364,-0.09090909090909094,1,0.43636363636363634,m2-4f41a561bd2dc413a713
600958,东方证券,490000,非银金融,0.17498600111991033,0.20032289180813165,0.025336890688221314,14.237593,1.00656,0.11538461538461542,0.6153846153846154,0.3846153846153846,0.3826923076923077,m2-4f41a561bd2dc413a713
002001,新 和 成,220000,基础化工,0.1539876809855211,0.1791377108743945,0.02515002988887341,12.131901,2.712378,0.42857142857142855,0.4285714285714286,0.4285714285714286,0.4285714285714286,m2-4f41a561bd2dc413a713
002648,卫星化学,220000,基础化工,0.1399888008959283,0.16490089626338936,0.024912095367461057,14.900047,2.358276,0.2857142857142857,1,-0.1428571428571428,0.4642857142857143,m2-4f41a561bd2dc413a713
600016,民生银行,480000,银行,0.282977361811055,0.30737305823219513,0.024395696421140145,4.612747,0.249682,0.782608695652174,-0.5652173913043479,0.7391304347826086,0.23260869565217385,m2-4f41a561bd2dc413a713
002230,科大讯飞,710000,计算机,0.2769778417726581,0.3005817454178974,0.023603903645239288,112.776892,5.304777,-0.26666666666666666,0.6000000000000001,0.33333333333333337,0.23000000000000007,m2-4f41a561bd2dc413a713
002236,大华股份,710000,计算机,0.1139908807295416,0.13692053082170996,0.022929650092168366,14.061266,1.417955,1,-0.19999999999999996,1,0.52,m2-4f41a561bd2dc413a713
600875,东方电气,630000,电力设备,0.15498760099192058,0.17788323627349742,0.022895635281576843,25.969513,2.19958,0.19999999999999996,0.8,0,0.39,m2-4f41a561bd2dc413a713
600183,生益科技,270000,电子,0.893928485721142,0.9164950497010845,0.0225665639799425,126.337889,27.117148,-0.4054054054054054,0.6756756756756757,-0.2432432432432432,0.06756756756756763,m2-4f41a561bd2dc413a713
601607,上海医药,370000,医药生物,0.060995120390368744,0.08277603658745748,0.02178091619708874,9.976102,0.752507,1,0.75,0.875,0.86875,m2-4f41a561bd2dc413a713
300124,汇川技术,640000,机械设备,0.444964402847772,0.46500785693493657,0.02004345408716457,34.627367,5.2235,-0.11111111111111116,0.33333333333333326,0.11111111111111116,0.12222222222222219,m2-4f41a561bd2dc413a713
600926,杭州银行,480000,银行,0.2589792816574673,0.27853731693177575,0.01955803527430844,5.504366,0.787752,-0.21739130434782605,0.5652173913043479,0.21739130434782605,0.20434782608695656,m2-4f41a561bd2dc413a713
300433,蓝思科技,270000,电子,0.3779697624190063,0.39734807269206707,0.01937831027306075,70.5001,5.147969,0.4864864864864865,0.2432432432432432,-0.5135135135135136,0.13918918918918916,m2-4f41a561bd2dc413a713
601766,中国中车,640000,机械设备,0.22398208143348525,0.24335346152678805,0.019371380093302804,11.321897,0.867032,1,-0.7777777777777778,0.7777777777777778,0.2333333333333333,m2-4f41a561bd2dc413a713
603296,华勤技术,270000,电子,0.14898808095352364,0.1679833326889093,0.01899525173538566,18.607055,2.92427,0.918918918918919,0.027027027027026973,0.027027027027026973,0.33918918918918917,m2-4f41a561bd2dc413a713
600741,华域汽车,280000,汽车,0.08699304055675541,0.10576305585000077,0.01877001529324536,6.789018,0.72873,0.8181818181818182,0.2727272727272727,0.6363636363636364,0.5545454545454546,m2-4f41a561bd2dc413a713
000166,申万宏源,490000,非银金融,0.1399888008959283,0.15875527975411582,0.018766478858187524,11.588633,0.987261,0.34615384615384615,0.15384615384615374,0.6923076923076923,0.3557692307692307,m2-4f41a561bd2dc413a713
601939,建设银行,480000,银行,0.2889768818494519,0.30727331423203547,0.01829643238258355,7.433364,0.727373,-0.6956521739130435,0.7391304347826086,0.4782608695652174,0.17173913043478264,m2-4f41a561bd2dc413a713
601818,光大银行,480000,银行,0.18998480121590267,0.20809795846398738,0.01811315724808471,4.398013,0.341587,0.826086956521739,-0.6521739130434783,0.9130434782608696,0.25652173913043474,m2-4f41a561bd2dc413a713
688072,拓荆科技,270000,电子,0.5819534437245018,0.6000404167458878,0.018086973021386066,147.08,20.61,-0.3513513513513513,0.5675675675675675,-0.08108108108108114,0.0837837837837838,m2-4f41a561bd2dc413a713
601877,正泰电器,630000,电力设备,0.09499240060795133,0.11300749384608083,0.018015093238129498,11.825461,1.232583,0.95,-0.09999999999999998,0.8,0.4925,m2-4f41a561bd2dc413a713
605117,德业股份,630000,电力设备,0.19098472122230215,0.2088989558408132,0.01791423461851105,30.450944,9.36419,-0.35,1,-0.10000000000000009,0.2525,m2-4f41a561bd2dc413a713
002352,顺丰控股,420000,交通运输,0.26497880169586424,0.2817692062000281,0.01679040450416386,14.170148,1.586921,0.1875,-0.125,0.625,0.171875,m2-4f41a561bd2dc413a713
601728,中国电信,730000,通信,0.28497720182385394,0.30125028245172564,0.016273080627871694,14.311462,1.030585,0.7000000000000001,-0.6,0.6,0.155,m2-4f41a561bd2dc413a713
601600,中国铝业,240000,有色金属,0.22998160147188215,0.24577597245838198,0.01579437098649983,11.126304,1.882071,0.7222222222222222,0.11111111111111116,-0.4444444444444444,0.18611111111111112,m2-4f41a561bd2dc413a713
002532,天山铝业,240000,有色金属,0.122990160787137,0.13865623059356305,0.015666069806426056,10.308826,1.679767,0.8888888888888888,0,0.11111111111111116,0.33888888888888885,m2-4f41a561bd2dc413a713
000938,紫光股份,710000,计算机,0.23298136149108062,0.24844977084280345,0.015468409351722834,59.183946,5.704721,-0.2,1,-0.6000000000000001,0.18,m2-4f41a561bd2dc413a713
601211,国泰海通,490000,非银金融,0.7269418446524275,0.7422216739006681,0.015279829248240562,11.537419,1.001264,0.34615384615384615,-0.6923076923076923,0.8461538461538461,0.05576923076923074,m2-4f41a561bd2dc413a713
001979,招商蛇口,430000,房地产,0.081993440524758,0.09723086051305321,0.015237419988295212,56.62627,0.593668,-5.551115123125783e-17,1,0.33333333333333337,0.4833333333333334,m2-4f41a561bd2dc413a713
300442,润泽科技,730000,通信,0.2409807215422765,0.255187654782934,0.014206933240657471,26.098616,9.503023,0,0.3999999999999999,0,0.15999999999999998,m2-4f41a561bd2dc413a713
601995,中金公司,490000,非银金融,0.14898808095352364,0.1630398585550456,0.014051777601521959,17.823886,1.745792,-0.4615384615384615,0.8461538461538463,0.3076923076923077,0.25384615384615394,m2-4f41a561bd2dc413a713
601916,浙商银行,480000,银行,0.1399888008959283,0.15403694724772557,0.01404814635179727,5.585955,0.406087,0.39130434782608703,0.30434782608695654,0.04347826086956519,0.2695652173913044,m2-4f41a561bd2dc413a713
600023,浙能电力,410000,公用事业,0.07499400047996158,0.08893066510340232,0.013936664623440745,9.678071,0.939563,0.8333333333333334,1,-0.8333333333333333,0.48333333333333334,m2-4f41a561bd2dc413a713
300661,圣邦股份,270000,电子,0.21998240140788727,0.2337902587023943,0.013807857294507037,162.751471,16.81682,-0.2432432432432432,0.3513513513513513,0.45945945945945943,0.17027027027027025,m2-4f41a561bd2dc413a713
000895,双汇发展,340000,食品饮料,0.081993440524758,0.09579779530720763,0.013804354782449624,15.203593,3.632922,-0.18181818181818188,0.6363636363636365,1,0.4409090909090909,m2-4f41a561bd2dc413a713
600050,中国联通,730000,通信,0.22098232141428678,0.23442013253116203,0.013437811116875253,13.702457,0.741781,0.9,-1,1,0.16499999999999998,m2-4f41a561bd2dc413a713
002202,金风科技,630000,电力设备,0.23298136149108062,0.2458546962328604,0.01287333474177979,36.386291,2.602206,5.551115123125783e-17,0.5,-0.19999999999999996,0.15000000000000005,m2-4f41a561bd2dc413a713
000630,铜陵有色,240000,有色金属,0.18098552115830724,0.19379145501873896,0.012805933860431717,46.119666,2.361022,0.055555555555555525,0.7777777777777777,-0.5555555555555556,0.19166666666666665,m2-4f41a561bd2dc413a713
000157,中联重科,640000,机械设备,0.12199024078073749,0.13461858845043717,0.012628347669699683,12.407214,1.047108,0.7777777777777777,-0.33333333333333337,0.5555555555555556,0.2777777777777777,m2-4f41a561bd2dc413a713
300999,金龙鱼,110000,农林牧渔,0.0489960803135749,0.06159141785178113,0.012595337538206228,39.996974,1.310856,0,1,1,0.65,m2-4f41a561bd2dc413a713
600372,中航机载,650000,国防军工,0.09299256059515236,0.10524613347289574,0.012253572877743382,49.190362,1.383027,0.6666666666666666,-0.33333333333333337,1,0.35,m2-4f41a561bd2dc413a713
600196,复星医药,370000,医药生物,0.10099192064634827,0.11305622473287108,0.012064304086522815,17.802537,1.231077,0.625,0.25,0,0.31875,m2-4f41a561bd2dc413a713
601898,中煤能源,740000,煤炭,0.07899368050555954,0.09098094551092639,0.011987265005366857,9.030102,1.008477,1,0.33333333333333326,-0.33333333333333326,0.39999999999999997,m2-4f41a561bd2dc413a713
000999,华润三九,370000,医药生物,0.052995760339172845,0.06475148636025989,0.011755726021087043,10.940733,1.688107,0.75,0.375,0.625,0.56875,m2-4f41a561bd2dc413a713
600233,圆通速递,420000,交通运输,0.09499240060795133,0.10657288675424301,0.011580486146291674,13.617375,1.61558,0.25,0.75,-0.25,0.32500000000000007,m2-4f41a561bd2dc413a713
601360,三六零,710000,计算机,0.10799136069114468,0.11940249966125457,0.011411138970109896,-95.467942,2.072269,0,0.33333333333333326,0.6,0.2833333333333333,m2-4f41a561bd2dc413a713
001965,招商公路,420000,交通运输,0.06599472042236619,0.07726671240265515,0.011271991980288956,13.501248,0.902669,0.5625,0.625,0,0.446875,m2-4f41a561bd2dc413a713
601100,恒立液压,640000,机械设备,0.20398368130549546,0.2152547555000151,0.011271074194519642,51.430913,8.455554,-0.4444444444444445,0.5555555555555556,0.33333333333333337,0.15000000000000002,m2-4f41a561bd2dc413a713
600482,中国动力,630000,电力设备,0.13198944084473238,0.14311223244732463,0.011122791602592247,40.099719,1.854794,0.04999999999999999,0.8999999999999999,-0.6000000000000001,0.22749999999999998,m2-4f41a561bd2dc413a713
600893,航发动力,650000,国防军工,0.18098552115830724,0.19210317677618935,0.01111765561788211,161.113585,2.542841,0.1111111111111111,0.11111111111111116,0.33333333333333337,0.16666666666666669,m2-4f41a561bd2dc413a713
600845,宝信软件,710000,计算机,0.049996000319974386,0.06111303899374144,0.011117038673767052,36.582873,4.32362,0.2666666666666666,0.7333333333333334,0.7333333333333334,0.5700000000000001,m2-4f41a561bd2dc413a713
002027,分众传媒,720000,传媒,0.17298616110711135,0.18382676813852283,0.010840607031411487,12.878176,4.244773,0,-0.19999999999999996,1,0.17,m2-4f41a561bd2dc413a713
000338,潍柴动力,280000,汽车,0.5179585633149346,0.5286192367991687,0.010660673484234051,21.720207,2.547616,-0.27272727272727276,1,-1,0.054545454545454564,m2-4f41a561bd2dc413a713
600585,海螺水泥,610000,建筑材料,0.14398848092152622,0.15462696545059004,0.010638484529063824,11.071419,0.466789,1,-1,1,0.19999999999999996,m2-4f41a561bd2dc413a713
601229,上海银行,480000,银行,0.30497560195184376,0.31552294653903834,0.010547344587194585,5.097932,0.51418,0.34782608695652173,-0.4782608695652174,0.6521739130434783,0.0934782608695652,m2-4f41a561bd2dc413a713
600600,青岛啤酒,340000,食品饮料,0.0649948004159667,0.07545557386873582,0.01046077345276912,15.529716,2.324775,-5.551115123125783e-17,1,0.09090909090909094,0.42272727272727273,m2-4f41a561bd2dc413a713
600018,上港集团,420000,交通运输,0.050995920326373866,0.06089320699261586,0.009897286666241997,8.100607,0.779624,0.8125,0,0.875,0.503125,m2-4f41a561bd2dc413a713
000568,泸州老窖,340000,食品饮料,0.20198384129269653,0.21179234780532347,0.009808506512626936,9.025619,2.296809,0.5454545454545454,-0.09090909090909094,-0.09090909090909083,0.1318181818181818,m2-4f41a561bd2dc413a713
601018,宁波港,420000,交通运输,0.04299656027517797,0.05259171552572733,0.00959515525054936,11.856758,0.758873,0.8125,0.25,0.75,0.571875,m2-4f41a561bd2dc413a713
000100,TCL科技,270000,电子,0.4279657627389807,0.4369056769630751,0.008939914224094403,26.802493,1.970627,0.918918918918919,-0.7837837837837838,0.18918918918918914,0.05540540540540537,m2-4f41a561bd2dc413a713
002179,中航光电,650000,国防军工,0.20798336133109344,0.2165083707624865,0.00852500943139306,45.257534,4.031,0.33333333333333337,0.33333333333333326,-0.5555555555555556,0.11111111111111108,m2-4f41a561bd2dc413a713
688271,联影医疗,370000,医药生物,0.17698584113270932,0.1853406947575866,0.008354853624877284,44.19408,4.009395,-0.4375,0.625,0.125,0.12812500000000002,m2-4f41a561bd2dc413a713
600674,川投能源,410000,公用事业,0.0979921606271498,0.10600236312250463,0.008010202495354835,16.037026,1.556232,0.25,0.33333333333333326,0,0.2208333333333333,m2-4f41a561bd2dc413a713
300866,安克创新,270000,电子,0.07899368050555954,0.08690118914357885,0.007907508638019312,22.01403,5.32434,0.7567567567567568,-0.5135135135135135,0.8378378378378378,0.26891891891891895,m2-4f41a561bd2dc413a713
600061,国投资本,490000,非银金融,0.058995280377569764,0.06681400825431784,0.007818727876748074,12.771207,0.772933,0.5769230769230769,0.23076923076923084,0.23076923076923073,0.3519230769230769,m2-4f41a561bd2dc413a713
002422,科伦药业,370000,医药生物,0.1519878409727221,0.1596857406659331,0.007697899693210997,36.16883,2.541109,-0.125,1,-0.875,0.1375,m2-4f41a561bd2dc413a713
601456,国联民生,490000,非银金融,0.0979921606271498,0.1056580760131299,0.007665915385980104,24.996777,0.956681,-0.07692307692307687,0.3076923076923077,0.46153846153846156,0.21153846153846156,m2-4f41a561bd2dc413a713
600027,华电国际,410000,公用事业,0.06199504039676824,0.06955283135540069,0.007557790958632453,8.512309,1.072882,0.8333333333333333,0.5,-0.6666666666666667,0.32499999999999996,m2-4f41a561bd2dc413a713
600011,XD华能国,410000,公用事业,0.11799056075513953,0.12542130790568354,0.007430747150544009,8.268717,1.835022,0.25,0.8333333333333333,-1,0.17083333333333328,m2-4f41a561bd2dc413a713
000708,中信特钢,230000,钢铁,0.04499640028797695,0.052280044079856806,0.00728364379187986,10.743583,1.477921,0.5,0,1,0.425,m2-4f41a561bd2dc413a713
002241,歌尔股份,270000,电子,0.19798416126709856,0.2048144419400517,0.006830280672953132,27.476837,2.237398,0.8648648648648649,-0.9459459459459459,0.6756756756756757,0.09324324324324323,m2-4f41a561bd2dc413a713
002736,国信证券,490000,非银金融,0.10899128069754416,0.11579031124053354,0.006799030542989387,8.201525,1.053121,0.3846153846153846,-0.5384615384615384,1,0.16923076923076918,m2-4f41a561bd2dc413a713
000425,徐工机械,640000,机械设备,0.23398128149748013,0.24074675688739408,0.006765475389913955,14.398912,1.587588,0.33333333333333326,0.11111111111111116,-0.33333333333333326,0.07777777777777778,m2-4f41a561bd2dc413a713
003816,中国广核,410000,公用事业,0.10899128069754416,0.11568644347295381,0.006695162775409658,20.219447,1.603509,-0.16666666666666663,0.6666666666666667,-0.16666666666666674,0.1666666666666667,m2-4f41a561bd2dc413a713
688009,中国通号,640000,机械设备,0.04399648028157745,0.05067293167697165,0.0066764513953941965,13.67388,1.064729,0.5555555555555556,-0.11111111111111116,1,0.39999999999999997,m2-4f41a561bd2dc413a713
002353,杰瑞股份,640000,机械设备,0.33097352211823045,0.3372486922900502,0.006275170171819777,55.044953,7.049756,-0.4444444444444445,1,-0.7777777777777777,0.050000000000000044,m2-4f41a561bd2dc413a713
601901,方正证券,490000,非银金融,0.1049916006719462,0.11124122636825605,0.006249625696309852,14.929533,1.166911,-0.15384615384615385,0.5384615384615385,0,0.16153846153846158,m2-4f41a561bd2dc413a713
301308,江波龙,270000,电子,0.6319494440444763,0.6378685175887842,0.0059190735443078735,450.804393,39.189873,-0.8648648648648649,0.7297297297297298,0.1351351351351351,0.022972972972973016,m2-4f41a561bd2dc413a713
688036,传音控股,270000,电子,0.11999040076793852,0.12584428838796358,0.005853887620025061,26.296735,3.306345,0.8378378378378378,-0.8918918918918919,0.7837837837837838,0.1324324324324324,m2-4f41a561bd2dc413a713
601059,信达证券,490000,非银金融,0.05599552035837131,0.06181524931630134,0.00581972895793003,27.725647,2.491846,-0.8076923076923077,0.9230769230769231,0.7692307692307692,0.27884615384615385,m2-4f41a561bd2dc413a713
002049,紫光国微,270000,电子,0.2129829613630909,0.2185662128872031,0.005583251524112209,52.650619,5.745512,0.5135135135135135,-0.7297297297297297,0.7297297297297297,0.07027027027027022,m2-4f41a561bd2dc413a713
600415,小商品城,450000,商贸零售,0.0979921606271498,0.10340669626961513,0.005414535642465329,13.253798,2.427801,0,1,-1,0.15000000000000002,m2-4f41a561bd2dc413a713
002460,赣锋锂业,240000,有色金属,0.26097912167026627,0.26618588264869125,0.005206760978424985,85.012666,3.037377,-0.3888888888888889,0.33333333333333326,0.2222222222222222,0.05277777777777776,m2-4f41a561bd2dc413a713
600028,中国石化,750000,石油石化,0.22998160147188215,0.23516362561289395,0.005182024141011793,16.955195,0.649539,0.6,-1,1,0.05999999999999997,m2-4f41a561bd2dc413a713
300251,光线传媒,720000,传媒,0.05799536037117029,0.06315836185888316,0.0051630014877128635,15.014744,3.026914,0.6000000000000001,0.19999999999999996,-0.19999999999999996,0.24000000000000005,m2-4f41a561bd2dc413a713
600309,万华化学,220000,基础化工,0.45396368290536737,0.45911441087981725,0.005150727974449876,17.095244,2.036627,0.14285714285714285,-0.1428571428571429,0.1428571428571429,0.02857142857142856,m2-4f41a561bd2dc413a713
601838,成都银行,480000,银行,0.15898728101751855,0.16398588505764586,0.004998604040127308,5.635233,0.884533,-0.4347826086956522,1,-0.6521739130434783,0.08478260869565218,m2-4f41a561bd2dc413a713
002466,天齐锂业,240000,有色金属,0.22398208143348525,0.22889536109049047,0.004913279657005221,226.159071,2.469805,-0.38888888888888884,0.5555555555555556,-0.11111111111111116,0.058333333333333376,m2-4f41a561bd2dc413a713
600066,宇通客车,280000,汽车,0.12598992080633545,0.1308530657468773,0.0048631449405418525,10.686093,3.804369,-0.18181818181818177,0.8181818181818181,-0.6363636363636365,0.10454545454545455,m2-4f41a561bd2dc413a713
000617,中油资本,490000,非银金融,0.058995280377569764,0.06382490867075909,0.0048296282931893225,19.343493,0.794441,0.19230769230769235,0,0.6153846153846154,0.22115384615384617,m2-4f41a561bd2dc413a713
002920,德赛西威,710000,计算机,0.08599312055035593,0.09074465182843776,0.004751531278081825,19.824038,3.154731,0.8,-0.8666666666666667,0.8666666666666667,0.14999999999999997,m2-4f41a561bd2dc413a713
601186,中国铁建,620000,建筑装饰,0.09699224062075032,0.10168204315374393,0.004689802532993614,4.40015,0.294706,0.875,-0.75,0.5,0.13124999999999992,m2-4f41a561bd2dc413a713
300628,亿联网络,730000,通信,0.060995120390368744,0.06561642897640055,0.004621308586031804,16.478476,4.938866,0.29999999999999993,0,0.4,0.20499999999999996,m2-4f41a561bd2dc413a713
002463,沪电股份,270000,电子,0.727941764658827,0.73233130941929,0.004389544760463049,76.928098,19.45666,-0.13513513513513514,0.4054054054054055,-0.4054054054054055,0.013513513513513528,m2-4f41a561bd2dc413a713
600085,同仁堂,370000,医药生物,0.05599552035837131,0.060330343303855075,0.004334822945483763,26.648193,2.320828,0.0625,0,0.75,0.209375,m2-4f41a561bd2dc413a713
600426,华鲁恒升,220000,基础化工,0.12499000079993595,0.1292845746103461,0.004294573810410138,15.317964,1.535258,0.5714285714285714,-0.7142857142857143,0.7142857142857143,0.0928571428571428,m2-4f41a561bd2dc413a713
601698,中国卫通,650000,国防军工,0.13598912087033033,0.14019352570467328,0.004204404834342951,289.612751,7.992801,-0.6666666666666667,1,-0.33333333333333326,0.08333333333333337,m2-4f41a561bd2dc413a713
600886,国投电力,410000,公用事业,0.11299096072314212,0.11699506185199915,0.004004101128857032,16.185882,1.607619,-0.08333333333333331,0,0.5,0.09583333333333334,m2-4f41a561bd2dc413a713
600111,北方稀土,240000,有色金属,0.4299656027517797,0.4338787983398659,0.003913195588086227,81.159154,7.272446,-0.6666666666666667,0.22222222222222232,0.6666666666666667,0.022222222222222282,m2-4f41a561bd2dc413a713
001280,中国铀业,240000,有色金属,0.03899688024958002,0.04282512655514689,0.003828246305566871,80.849786,11.453112,-0.7222222222222222,0.6666666666666667,1,0.26388888888888895,m2-4f41a561bd2dc413a713
002074,国轩高科,630000,电力设备,0.1049916006719462,0.10839561024517955,0.003404009573233349,14.997334,1.754331,0.6499999999999999,-0.6,0.4,0.08749999999999997,m2-4f41a561bd2dc413a713
600905,三峡能源,410000,公用事业,0.18798496120310368,0.19099123525914713,0.003006274056043451,28.907109,1.188753,-0.16666666666666663,-0.16666666666666663,0.6666666666666667,0.04166666666666671,m2-4f41a561bd2dc413a713
600760,中航沈飞,650000,国防军工,0.16498680105591546,0.16746239643175226,0.0024755953758368032,33.12403,4.947403,0.4444444444444444,-0.7777777777777778,0.7777777777777778,0.03888888888888886,m2-4f41a561bd2dc413a713
601878,浙商证券,490000,非银金融,0.09199264058875285,0.0939895049789073,0.0019968643901544514,18.011373,1.188755,-0.30769230769230765,0.46153846153846145,-0.07692307692307687,0.05769230769230771,m2-4f41a561bd2dc413a713
300832,新产业,370000,医药生物,0.05799536037117029,0.05961428655717746,0.0016189261860071677,20.00414,3.773679,0,-0.125,0.5,0.075,m2-4f41a561bd2dc413a713
601077,渝农商行,480000,银行,0.11499080073594108,0.11619441798634901,0.0012036172504079345,5.721377,0.529183,0.04347826086956519,0.6521739130434783,-1,0.02608695652173909,m2-4f41a561bd2dc413a713
600026,中远海能,420000,交通运输,0.10599152067834569,0.1069431715373439,0.0009516508589982042,24.284992,2.112826,-0.3125,0.875,-0.875,0.021875000000000033,m2-4f41a561bd2dc413a713
601390,中国中铁,620000,建筑装饰,0.15098792096632263,0.15184451640951574,0.0008565954431931089,4.496893,0.323441,0.5,-0.25,-0.25,0.012499999999999983,m2-4f41a561bd2dc413a713
601788,光大证券,490000,非银金融,0.09999200063994877,0.10079645610731776,0.0008044554673689863,17.865269,1.092085,-0.15384615384615385,-0.15384615384615385,0.5384615384615384,0.019230769230769218,m2-4f41a561bd2dc413a713
300413,芒果超媒,720000,传媒,0.03899688024958002,0.03973625075320833,0.0007393705036283088,29.243989,1.181855,0.4,-0.6,0.6,0.04999999999999999,m2-4f41a561bd2dc413a713
603369,今世缘,340000,食品饮料,0.06299496040316772,0.0635795268710814,0.0005845664679136747,10.281628,1.790733,0.5454545454545455,0.09090909090909083,-0.8181818181818181,0.022727272727272707,m2-4f41a561bd2dc413a713
000768,中航西飞,650000,国防军工,0.10099192064634827,0.10131831590204465,0.00032639525569638783,49.475273,2.56471,0.2222222222222222,-0.11111111111111116,-0.11111111111111116,0.005555555555555508,m2-4f41a561bd2dc413a713
603501,豪威集团,270000,电子,0.28397728181745446,0.2840727974461082,0.00009551562865373064,29.569236,4.281453,0.7297297297297298,-1,0.5675675675675675,-0.0027027027027027306,m2-4f41a561bd2dc413a713
688472,阿特斯,630000,电力设备,0.05599552035837131,0.05606736604658807,0.00007184568821675535,38.598004,1.678642,0.30000000000000004,-0.7,0.7,2.7755575615628914e-17,m2-4f41a561bd2dc413a713
601727,上海电气,630000,电力设备,0.15598752099832008,0.1559145731717833,-0.00007294782653677334,90.183334,1.988873,-0.19999999999999996,-0.4,0.9,-0.0050000000000000044,m2-4f41a561bd2dc413a713
601618,中国中冶,620000,建筑装饰,0.06199504039676824,0.06180360074076144,-0.00019143965600679907,38.256056,0.497386,-0.5,0.25,0.25,-0.012499999999999983,m2-4f41a561bd2dc413a713
601669,中国电建,620000,建筑装饰,0.1429885609151267,0.14254701461175617,-0.000441546303370538,7.558987,0.563039,-0.25,0.5,-0.5,-0.012499999999999983,m2-4f41a561bd2dc413a713
001391,国货航,420000,交通运输,0.02099832013438924,0.02010323866823614,-0.0008950814661531012,19.224768,1.851162,-0.0625,-0.5,0.375,-0.12812500000000002,m2-4f41a561bd2dc413a713
600025,华能水电,410000,公用事业,0.058995280377569764,0.057961636538470314,-0.0010336438390994504,19.235334,2.410913,-0.5833333333333334,0.16666666666666674,0.33333333333333337,-0.05416666666666661,m2-4f41a561bd2dc413a713
601238,广汽集团,280000,汽车,0.03999680025597951,0.038917551047517714,-0.0010792492084617938,-5.897464,0.492258,-0.09090909090909094,-0.6363636363636364,0.8181818181818181,-0.08181818181818185,m2-4f41a561bd2dc413a713
601117,中国化学,620000,建筑装饰,0.09499240060795133,0.09387406347491915,-0.0011183371330321795,6.973738,0.668007,-0.25,0.75,-1,-0.03749999999999995,m2-4f41a561bd2dc413a713
002028,思源电气,630000,电力设备,0.3809695224382048,0.37979309487467916,-0.0011764275635256505,42.724829,9.34812,-0.55,0.7,-0.3999999999999999,-0.012500000000000011,m2-4f41a561bd2dc413a713
600918,中泰证券,490000,非银金融,0.05999520038396926,0.05879215001338432,-0.001203050370584935,29.361439,0.949095,-0.15384615384615385,0.07692307692307687,-0.15384615384615374,-0.061538461538461535,m2-4f41a561bd2dc413a713
688223,晶科能源,630000,电力设备,0.06899448044156466,0.06764738822701968,-0.0013470922145449732,-7.188353,1.785067,-0.3,-0.19999999999999996,0.5,-0.06,m2-4f41a561bd2dc413a713
300015,爱尔眼科,370000,医药生物,0.13598912087033033,0.13453520040790337,-0.0014539204624269553,23.928898,3.433572,-0.0625,0.125,-0.25,-0.034374999999999996,m2-4f41a561bd2dc413a713
601872,招商轮船,420000,交通运输,0.20098392128629702,0.19948861164093412,-0.0014953096453629022,23.597367,3.298862,-0.5,1,-1,-0.024999999999999967,m2-4f41a561bd2dc413a713
600660,福耀玻璃,280000,汽车,0.2859771218302534,0.2840753464853804,-0.0019017753448730135,14.135649,3.505001,-0.36363636363636365,0.09090909090909083,0.2727272727272727,-0.02272727272727275,m2-4f41a561bd2dc413a713
601868,中国能建,620000,建筑装饰,0.13198944084473238,0.12986613182761061,-0.002123309017121766,20.22523,1.059524,-0.75,1,-0.75,-0.04999999999999993,m2-4f41a561bd2dc413a713
000807,云铝股份,240000,有色金属,0.1629869610431165,0.1608334101308441,-0.0021535509122724006,12.681181,2.396976,0.5,-0.33333333333333337,-0.33333333333333326,-0.041666666666666685,m2-4f41a561bd2dc413a713
601058,赛轮轮胎,280000,汽车,0.10699144068474517,0.1047690442881412,-0.0022223963966039734,10.27205,1.799494,0.4545454545454545,-0.2727272727272727,-0.4545454545454546,-0.06363636363636367,m2-4f41a561bd2dc413a713
000596,古井贡酒,340000,食品饮料,0.045996320294376426,0.04369980494646482,-0.0022965153479116082,8.916219,1.656706,0.9090909090909091,-1,-0.2727272727272727,-0.15000000000000002,m2-4f41a561bd2dc413a713
600489,中金黄金,240000,有色金属,0.18598512119030472,0.1833493520010234,-0.002635769189281323,19.787537,2.996827,0.11111111111111116,-0.5555555555555556,0.5555555555555556,-0.04444444444444445,m2-4f41a561bd2dc413a713
601998,中信银行,480000,银行,0.1299896008319334,0.1272190756715971,-0.0027705251603362957,5.460661,0.532725,0.21739130434782605,0.21739130434782616,-0.9130434782608696,-0.06521739130434784,m2-4f41a561bd2dc413a713
002311,海大集团,110000,农林牧渔,0.1299896008319334,0.12715456062029765,-0.0028350402116357476,14.777184,2.93723,-0.33333333333333337,0.33333333333333326,-0.33333333333333326,-0.06666666666666668,m2-4f41a561bd2dc413a713
600588,用友网络,710000,计算机,0.06699464042876567,0.06402209094766825,-0.002972549481097417,-15.65197,4.23415,-0.33333333333333337,-0.33333333333333337,0.4666666666666667,-0.13333333333333333,m2-4f41a561bd2dc413a713
000301,东方盛虹,750000,石油石化,0.10699144068474517,0.10380675820878225,-0.003184682475962916,-100.747862,2.264793,-0.8,0.6000000000000001,-0.19999999999999996,-0.08999999999999991,m2-4f41a561bd2dc413a713
600570,恒生电子,710000,计算机,0.1139908807295416,0.11059785454019791,-0.003393026189343687,32.591747,4.074556,0.5333333333333333,-0.7333333333333334,0.06666666666666665,-0.09000000000000008,m2-4f41a561bd2dc413a713
601985,中国核电,410000,公用事业,0.2629789616830653,0.2595042138920981,-0.003474747790967181,23.671093,1.607001,-0.33333333333333337,-0.33333333333333337,0.8333333333333334,-0.04166666666666666,m2-4f41a561bd2dc413a713
603893,瑞芯微,270000,电子,0.1399888008959283,0.1365045815127448,-0.0034842193831834956,76.252109,18.708728,-0.08108108108108103,-0.6756756756756757,0.8918918918918919,-0.07567567567567568,m2-4f41a561bd2dc413a713
300498,温氏股份,110000,农林牧渔,0.23198144148468117,0.2282495650303459,-0.003731876454335259,15.659227,1.90322,-5.551115123125783e-17,-0.33333333333333337,0.33333333333333337,-0.050000000000000044,m2-4f41a561bd2dc413a713
601009,南京银行,480000,银行,0.21598272138228936,0.21218507957732316,-0.0037976418049661953,5.607176,0.671536,-0.08695652173913049,0.13043478260869557,-0.30434782608695654,-0.05434782608695657,m2-4f41a561bd2dc413a713
000975,山金国际,240000,有色金属,0.09999200063994877,0.09611439482195813,-0.0038776058179906397,15.884825,3.164257,0.11111111111111105,-0.6666666666666667,0.4444444444444444,-0.11666666666666675,m2-4f41a561bd2dc413a713
603392,万泰生物,370000,医药生物,0.035997120230381555,0.03206259002072467,-0.003934530209656888,-102.148099,2.820696,-0.4375,-0.375,-0.125,-0.334375,m2-4f41a561bd2dc413a713
002384,东山精密,270000,电子,1.188904887608991,1.1848132060230274,-0.004091681585963514,361.531486,22.55036,-0.6756756756756757,0.945945945945946,-0.6216216216216217,-0.013513513513513431,m2-4f41a561bd2dc413a713
601633,长城汽车,280000,汽车,0.06699464042876567,0.06284476190725131,-0.004149878521514355,13.09018,1.474914,0.18181818181818177,-0.4545454545454546,-0.2727272727272727,-0.1863636363636364,m2-4f41a561bd2dc413a713
601225,陕西煤业,740000,煤炭,0.27897768178545707,0.2744897786356315,-0.004487903149825556,11.922659,2.089308,-5.551115123125783e-17,-0.33333333333333337,0.33333333333333337,-0.050000000000000044,m2-4f41a561bd2dc413a713
601377,兴业证券,490000,非银金融,0.14798816094712416,0.1433707233622613,-0.004617437584862855,18.172411,0.932487,0.11538461538461536,-0.3846153846153846,0.07692307692307687,-0.09423076923076926,m2-4f41a561bd2dc413a713
601136,首创证券,490000,非银金融,0.02699784017278617,0.02234401140137632,-0.004653828771409848,36.094199,2.771963,-0.9615384615384616,-0.6153846153846154,0.15384615384615385,-0.5442307692307692,m2-4f41a561bd2dc413a713
601658,邮储银行,480000,银行,0.19198464122870162,0.18703697223801874,-0.004947668990682885,6.77393,0.58612,-0.391304347826087,-0.04347826086956519,0.30434782608695654,-0.07826086956521736,m2-4f41a561bd2dc413a713
002304,洋河股份,340000,食品饮料,0.0809935205183585,0.07597650320130382,-0.005017017317054673,27.768003,1.183427,0,-0.6363636363636364,0.2727272727272727,-0.1863636363636364,m2-4f41a561bd2dc413a713
601800,中国交建,620000,建筑装饰,0.07199424046076311,0.06662756369037305,-0.005366676770390058,6.299631,0.321856,0.5,-1,0,-0.22500000000000003,m2-4f41a561bd2dc413a713
300418,昆仑万维,720000,传媒,0.12798976081913443,0.12245363959335344,-0.005536121225780996,-31.015271,3.607999,-0.8,1,-1,-0.12999999999999995,m2-4f41a561bd2dc413a713
603288,海天味业,340000,食品饮料,0.1959843212542996,0.19039286132970112,-0.005591459924598474,27.569436,4.695102,-0.7272727272727273,0.8181818181818181,-0.6363636363636365,-0.08636363636363636,m2-4f41a561bd2dc413a713
600549,厦门钨业,240000,有色金属,0.33497320214382836,0.3292642275667815,-0.005708974577046888,58.529758,8.059945,-0.6111111111111112,0.8888888888888888,-0.7777777777777777,-0.05277777777777776,m2-4f41a561bd2dc413a713
600460,士兰微,270000,电子,0.22498200143988473,0.21896770779664962,-0.006014293643235108,168.423942,7.617044,-0.08108108108108109,-0.3513513513513513,0.3513513513513513,-0.08108108108108106,m2-4f41a561bd2dc413a713
301165,锐捷网络,730000,通信,0.03799696024318053,0.03188189844482651,-0.00611506179835402,91.899639,12.826448,-0.5,-0.19999999999999996,-1,-0.505,m2-4f41a561bd2dc413a713
000776,广发证券,490000,非银金融,0.24398048156147498,0.23764413261795964,-0.006336348943515341,13.363554,1.413785,-0.11538461538461542,0.3846153846153846,-0.7692307692307692,-0.07884615384615383,m2-4f41a561bd2dc413a713
601881,中国银河,490000,非银金融,0.09699224062075032,0.0905509993432786,-0.0064412412774717265,10.978316,1.165647,0.23076923076923084,-0.46153846153846156,-0.3846153846153846,-0.19999999999999998,m2-4f41a561bd2dc413a713
600039,四川路桥,620000,建筑装饰,0.07199424046076311,0.06547172441726212,-0.006522516043500987,8.789148,1.367089,-0.75,-0.5,0.75,-0.27499999999999997,m2-4f41a561bd2dc413a713
000625,长安汽车,280000,汽车,0.12598992080633545,0.11931920906112319,-0.006670711745212263,10.457327,0.92143,0.5454545454545455,-0.8181818181818181,-0.09090909090909083,-0.15909090909090906,m2-4f41a561bd2dc413a713
688303,大全能源,630000,电力设备,0.03999680025597951,0.032948861112827126,-0.007047939143152382,-33.113708,0.956558,0.15000000000000002,-0.9,-1,-0.5575000000000001,m2-4f41a561bd2dc413a713
002142,宁波银行,480000,银行,0.3469722422206222,0.3398355433935954,-0.007136698827026777,6.68396,0.89986,-0.782608695652174,0.826086956521739,-0.4782608695652173,-0.06304347826086953,m2-4f41a561bd2dc413a713
601319,中国人保,490000,非银金融,0.07599392048636106,0.06864544734999832,-0.007348473136362735,6.408999,0.967517,0.6538461538461539,-0.9230769230769231,-0.6153846153846154,-0.2942307692307693,m2-4f41a561bd2dc413a713
600188,兖矿能源,740000,煤炭,0.11199104071674262,0.10455373120048661,-0.007437309516256013,21.282321,2.487198,-1,1,-1,-0.19999999999999996,m2-4f41a561bd2dc413a713
300316,晶盛机电,630000,电力设备,0.1399888008959283,0.13253472210835357,-0.0074540787875747305,175.407935,4.532914,-0.5,0.6000000000000001,-0.8999999999999999,-0.15999999999999992,m2-4f41a561bd2dc413a713
600803,新奥股份,410000,公用事业,0.05199584033277336,0.044540740805257356,-0.007455099527516003,10.448635,1.98456,-0.08333333333333337,-0.8333333333333334,-0.33333333333333326,-0.44583333333333336,m2-4f41a561bd2dc413a713
300896,爱美客,770000,美容护理,0.04699624030077592,0.03950194233929884,-0.0074942979614770824,20.438162,3.479193,-1,-1,1,-0.5,m2-4f41a561bd2dc413a713
000963,华东医药,370000,医药生物,0.08699304055675541,0.0792849131947001,-0.0077081273620553115,13.336712,2.04348,0.625,-0.75,-0.75,-0.26875000000000004,m2-4f41a561bd2dc413a713
300122,智飞生物,370000,医药生物,0.0489960803135749,0.0412279444688463,-0.007768135844728602,-21.366575,0.954046,-0.0625,-0.875,-0.5,-0.496875,m2-4f41a561bd2dc413a713
601066,中信建投,490000,非银金融,0.13398928085753134,0.12602066333646006,-0.00796861752107128,23.887805,2.718132,-0.7307692307692308,0.7692307692307692,-0.9230769230769231,-0.17884615384615388,m2-4f41a561bd2dc413a713
000977,浪潮信息,710000,计算机,0.25397968162546986,0.2458454719670858,-0.008134209658384045,41.299943,4.87944,0.1333333333333333,-0.06666666666666665,-0.46666666666666656,-0.09666666666666665,m2-4f41a561bd2dc413a713
301269,华大九天,710000,计算机,0.09199264058875285,0.08351204050983599,-0.008480600078916864,1085.717125,12.535511,-0.7333333333333334,0.06666666666666665,-0.19999999999999996,-0.27999999999999997,m2-4f41a561bd2dc413a713
302132,中航成飞,650000,国防军工,0.060995120390368744,0.051870113315924,-0.009125007074444746,-146.089119,7.817209,-0.7777777777777778,-0.5555555555555556,0.11111111111111116,-0.4666666666666667,m2-4f41a561bd2dc413a713
601888,中国中免,450000,商贸零售,0.1849852011839052,0.17574921554556505,-0.00923598563834016,31.119055,2.011898,0,-1,1,-0.15000000000000002,m2-4f41a561bd2dc413a713
002709,天赐材料,630000,电力设备,0.2589792816574673,0.24973623573416157,-0.009243045923305743,76.982049,5.873027,-0.55,0.3999999999999999,-0.30000000000000004,-0.10750000000000004,m2-4f41a561bd2dc413a713
601021,春秋航空,420000,交通运输,0.07899368050555954,0.06967036824592851,-0.009323312259631025,22.249309,2.453015,-0.25,-0.375,-0.5,-0.36250000000000004,m2-4f41a561bd2dc413a713
601138,工业富联,270000,电子,1.0119190464762815,1.0022549732583017,-0.009664073217979796,40.576123,8.584767,0.3783783783783784,-0.45945945945945943,0.08108108108108103,-0.031081081081081097,m2-4f41a561bd2dc413a713
000657,中钨高新,240000,有色金属,0.3079753619710422,0.2980538715947167,-0.009921490376325504,170.30774,22.090435,-0.9444444444444444,1,-0.6666666666666667,-0.09722222222222221,m2-4f41a561bd2dc413a713
601336,新华保险,490000,非银金融,0.1759859211263098,0.16574264220705692,-0.01024327891925289,5.129318,1.668509,0.19230769230769235,-0.07692307692307687,-0.8461538461538463,-0.175,m2-4f41a561bd2dc413a713
600795,国电电力,410000,公用事业,0.14698824094072468,0.13662771646221347,-0.010360524478511213,11.229935,1.360597,0.41666666666666663,-1,0.16666666666666663,-0.21250000000000005,m2-4f41a561bd2dc413a713
688047,龙芯中科,270000,电子,0.10999120070394364,0.09962492035448993,-0.010366280349453708,-136.717855,24.267674,-0.7837837837837838,-0.6216216216216216,0.9459459459459459,-0.28648648648648645,m2-4f41a561bd2dc413a713
600930,XD华电新,410000,公用事业,0.05599552035837131,0.045513649328102194,-0.010481871030269117,27.395999,1.803351,-0.5833333333333334,-0.6666666666666667,-0.5,-0.5958333333333334,m2-4f41a561bd2dc413a713
600362,江西铜业,240000,有色金属,0.15898728101751855,0.14828472188130976,-0.010702559136208795,21.028352,1.844786,0.38888888888888884,-0.2222222222222222,-1,-0.20277777777777783,m2-4f41a561bd2dc413a713
600438,通威股份,630000,电力设备,0.11599072074234058,0.10511368021841733,-0.010877040523923256,-6.540462,1.306132,-0.09999999999999998,-1,0.6,-0.28500000000000003,m2-4f41a561bd2dc413a713
600436,片仔癀,370000,医药生物,0.11699064074874006,0.105811311419018,-0.011179329329722057,27.247777,4.55565,-0.4375,-0.5,0.25,-0.290625,m2-4f41a561bd2dc413a713
000002,万  科Ａ,430000,房地产,0.07099432045436362,0.05967314693808973,-0.011321173516273889,-0.398784,0.302081,-0.33333333333333337,-0.33333333333333337,-1,-0.5,m2-4f41a561bd2dc413a713
688521,芯原股份,270000,电子,0.5519558435325173,0.5402584227372582,-0.01169742079525904,-369.805354,57.114214,-0.9459459459459459,0.5135135135135136,0.2432432432432432,-0.06486486486486484,m2-4f41a561bd2dc413a713
600010,包钢股份,230000,钢铁,0.1779857611391088,0.16616575137220194,-0.011820009766906864,99.633947,1.939273,-1,1,-1,-0.19999999999999996,m2-4f41a561bd2dc413a713
688396,华润微,270000,电子,0.18298536117110625,0.17107589935332912,-0.011909461817777134,195.903147,5.659436,5.551115123125783e-17,-0.1351351351351351,-0.5675675675675675,-0.1959459459459459,m2-4f41a561bd2dc413a713
600515,海南机场,430000,房地产,0.05499560035197182,0.042849847839500785,-0.012145752512471034,100.98743,1.329708,-0.6666666666666667,-1,-0.33333333333333326,-0.7166666666666666,m2-4f41a561bd2dc413a713
600019,宝钢股份,230000,钢铁,0.16698664106871444,0.15453893244850417,-0.012447708620210274,12.530333,0.579077,0.5,-1,0,-0.22500000000000003,m2-4f41a561bd2dc413a713
301236,软通动力,710000,计算机,0.09299256059515236,0.08047675636752498,-0.01251580422762738,216.130368,4.239534,-0.13333333333333336,-0.4666666666666667,-0.7333333333333334,-0.4166666666666667,m2-4f41a561bd2dc413a713
600547,山东黄金,240000,有色金属,0.14798816094712416,0.13510515549027935,-0.012883005456844815,22.459262,3.438523,-0.16666666666666669,-1,0.7777777777777778,-0.26388888888888895,m2-4f41a561bd2dc413a713
603260,合盛硅业,220000,基础化工,0.060995120390368744,0.04780241237442647,-0.013192708015942273,-1611.451275,1.782371,-0.1428571428571429,-1,-1,-0.7000000000000001,m2-4f41a561bd2dc413a713
600221,海航控股,420000,交通运输,0.122990160787137,0.10918831995894891,-0.013801840828188083,-234.146465,10.840275,-0.875,-0.25,0.25,-0.34375,m2-4f41a561bd2dc413a713
600009,上海机场,420000,交通运输,0.10199184065274773,0.0880077655454162,-0.013984075107331531,24.2907,1.367004,-0.125,-0.875,-0.125,-0.42500000000000004,m2-4f41a561bd2dc413a713
688183,生益电子,270000,电子,0.15598752099832008,0.141821859984626,-0.014165661013694097,74.760348,21.350809,-0.13513513513513514,-0.08108108108108103,-0.7837837837837838,-0.27567567567567564,m2-4f41a561bd2dc413a713
000001,平安银行,480000,银行,0.34497240220782327,0.33075472676673356,-0.014217675441089705,4.574613,0.432216,0.5217391304347826,-0.7391304347826086,-0.04347826086956519,-0.1239130434782609,m2-4f41a561bd2dc413a713
000408,藏格矿业,240000,有色金属,0.19198464122870162,0.17732836258025533,-0.014656278648446291,28.25495,6.701,-0.3888888888888889,-0.4444444444444444,0.33333333333333337,-0.23055555555555554,m2-4f41a561bd2dc413a713
601825,沪农商行,480000,银行,0.1529877609791216,0.13802033551323425,-0.014967425465887335,5.839521,0.573653,-0.17391304347826086,-0.13043478260869568,-0.7391304347826086,-0.29782608695652174,m2-4f41a561bd2dc413a713
603799,华友钴业,240000,有色金属,0.2589792816574673,0.2434315658754803,-0.01554771578198702,14.980425,1.895334,0.5,-0.8888888888888888,0,-0.18055555555555558,m2-4f41a561bd2dc413a713
002600,领益智造,270000,电子,0.22398208143348525,0.20762917983683965,-0.016352901596645597,55.39185,5.271235,0.5405405405405406,-0.8378378378378378,-0.29729729729729737,-0.2202702702702703,m2-4f41a561bd2dc413a713
300033,同花顺,710000,计算机,0.2569794416446683,0.23963373664656565,-0.017345704998102646,56.593323,19.109951,-0.4,0.46666666666666656,-1,-0.20333333333333334,m2-4f41a561bd2dc413a713
002493,荣盛石化,750000,石油石化,0.1139908807295416,0.09547846173971901,-0.018512418989822588,145.854136,2.45771,-0.8,-0.19999999999999996,-0.6000000000000001,-0.51,m2-4f41a561bd2dc413a713
688111,XD金山办,710000,计算机,0.17498600111991033,0.15628087712992744,-0.01870512398998289,53.756118,7.680542,-0.2,-0.6,-0.06666666666666665,-0.32666666666666666,m2-4f41a561bd2dc413a713
601601,中国太保,490000,非银金融,0.34497240220782327,0.32620796933224433,-0.01876443287557894,5.127972,0.908087,0.8846153846153846,-0.8461538461538461,-0.5384615384615385,-0.16346153846153855,m2-4f41a561bd2dc413a713
601088,中国神华,740000,煤炭,0.3789696824254058,0.3600483929284819,-0.0189212894969239,16.022168,2.069766,-5.551115123125783e-17,-1,1,-0.15000000000000002,m2-4f41a561bd2dc413a713
600118,中国卫星,650000,国防军工,0.17198624110071187,0.1529461055204852,-0.019040135580226658,2728.691546,15.243136,-0.8888888888888888,0.5555555555555556,-1,-0.3388888888888888,m2-4f41a561bd2dc413a713
601689,拓普集团,280000,汽车,0.17298616110711135,0.15372659305657516,-0.01925956805053619,35.281099,4.06875,-0.9090909090909091,0.4545454545454546,-0.8181818181818181,-0.34090909090909083,m2-4f41a561bd2dc413a713
601111,中国国航,420000,交通运输,0.09999200063994877,0.07983533317859884,-0.020156667461349934,-59.626844,2.480823,-0.6875,-0.625,-0.625,-0.646875,m2-4f41a561bd2dc413a713
601688,华泰证券,490000,非银金融,0.4259659227261818,0.4055161982716209,-0.02044972445456089,11.361063,1.071956,0.26923076923076916,-0.3076923076923077,-0.46153846153846145,-0.14423076923076925,m2-4f41a561bd2dc413a713
300760,迈瑞医疗,370000,医药生物,0.2909767218622509,0.269581096383074,-0.021395625479176894,20.242191,4.323222,-0.1875,-0.625,0.375,-0.221875,m2-4f41a561bd2dc413a713
600029,南方航空,420000,交通运输,0.09899208063354928,0.07724228901885104,-0.02174979161469824,109.529293,2.638185,-0.625,-1,-0.375,-0.7125,m2-4f41a561bd2dc413a713
603019,中科曙光,710000,计算机,0.5549556035517157,0.5328129134463363,-0.022142690105379392,72.91753,7.448198,-0.3333333333333333,0.19999999999999996,-0.33333333333333326,-0.11999999999999998,m2-4f41a561bd2dc413a713
300450,先导智能,630000,电力设备,0.15798736101111907,0.13466595103223197,-0.023321409978887098,43.595896,5.188331,-0.4,-0.30000000000000004,-0.8,-0.46,m2-4f41a561bd2dc413a713
600346,恒力石化,750000,石油石化,0.13198944084473238,0.1086361434474071,-0.02335329739732528,17.907496,1.928947,-0.19999999999999996,-0.6,-1,-0.5599999999999999,m2-4f41a561bd2dc413a713
605499,东鹏饮料,340000,食品饮料,0.11799056075513953,0.09395312216540821,-0.024037438589731314,15.788278,7.399396,-0.6363636363636364,-0.4545454545454546,-1,-0.6545454545454545,m2-4f41a561bd2dc413a713
688506,百利天恒,370000,医药生物,0.08599312055035593,0.0616123315736432,-0.024380788976712732,-115.544575,16.929173,-0.875,-1,-1,-0.95625,m2-4f41a561bd2dc413a713
601988,中国银行,480000,银行,0.2899768018558514,0.2652147000569499,-0.02476210179890148,7.583933,0.68411,-0.6956521739130435,0.4782608695652173,-0.826086956521739,-0.258695652173913,m2-4f41a561bd2dc413a713
002558,巨人网络,720000,传媒,0.1299896008319334,0.1047667753574288,-0.025222825474504593,29.577587,3.45264,-0.2,-1,-0.6000000000000001,-0.6200000000000001,m2-4f41a561bd2dc413a713
600031,三一重工,640000,机械设备,0.3619710423166145,0.3366209652167274,-0.02535007709988707,18.897312,1.798794,0.11111111111111116,-0.5555555555555556,-0.11111111111111116,-0.21111111111111114,m2-4f41a561bd2dc413a713
601127,赛力斯,280000,汽车,0.17698584113270932,0.1501894397978505,-0.026796401334858833,17.911767,2.607562,-0.2727272727272727,-1,0.09090909090909094,-0.4727272727272728,m2-4f41a561bd2dc413a713
600809,山西汾酒,340000,食品饮料,0.18898488120950316,0.16216771465889934,-0.026817166550603816,10.85004,3.440639,0,-0.8181818181818181,-0.4545454545454546,-0.4409090909090909,m2-4f41a561bd2dc413a713
601328,交通银行,480000,银行,0.6059515238780895,0.5787718249352524,-0.027179698942837116,5.941929,0.497189,-0.04347826086956519,-0.21739130434782605,-0.13043478260869557,-0.13478260869565215,m2-4f41a561bd2dc413a713
000063,中兴通讯,730000,通信,0.4119670426365889,0.3846083683446471,-0.027358674291941776,30.815946,2.29906,0.19999999999999996,-0.8,0.19999999999999996,-0.20000000000000012,m2-4f41a561bd2dc413a713
000792,盐湖股份,220000,基础化工,0.3389728821694264,0.3109718362868307,-0.028001045882595665,18.848671,3.553282,-0.5714285714285714,0.1428571428571428,-0.4285714285714286,-0.25,m2-4f41a561bd2dc413a713
600115,中国东航,420000,交通运输,0.11499080073594108,0.08654509611863982,-0.028445704617301254,-51.533544,6.630498,-0.9375,-0.75,-0.75,-0.815625,m2-4f41a561bd2dc413a713
688082,盛美上海,270000,电子,0.22098232141428678,0.19181418286184948,-0.0291681385524373,148.597185,15.399964,-0.18918918918918914,-0.29729729729729726,-0.8918918918918919,-0.40810810810810805,m2-4f41a561bd2dc413a713
601012,隆基绿能,630000,电力设备,0.280977521798256,0.2491193033077276,-0.03185821849052842,-17.961311,1.74686,-0.15000000000000002,-0.8,0.09999999999999998,-0.34750000000000003,m2-4f41a561bd2dc413a713
300803,指南针,710000,计算机,0.11899048076153902,0.08705084749671142,-0.0319396332648276,245.263923,20.040235,-0.8,-1,-0.8666666666666667,-0.8966666666666666,m2-4f41a561bd2dc413a713
600690,海尔智家,330000,家用电器,0.2709783217342612,0.23864753863132168,-0.03233078310293949,9.788748,1.612468,0.33333333333333326,-1,-0.33333333333333326,-0.3666666666666667,m2-4f41a561bd2dc413a713
601628,中国人寿,490000,非银金融,0.20798336133109344,0.17120727161987678,-0.03677608971121665,6.48475,1.678678,0.038461538461538436,-1,-0.6923076923076923,-0.5596153846153846,m2-4f41a561bd2dc413a713
688126,沪硅产业,270000,电子,0.23298136149108062,0.1961996155388629,-0.036781745952217726,-89.335852,11.684859,-0.45945945945945943,-0.2432432432432432,-0.945945945945946,-0.4945945945945946,m2-4f41a561bd2dc413a713
600000,浦发银行,480000,银行,0.405967522598192,0.36904735419331613,-0.036920168404875886,5.733316,0.389098,0.2608695652173913,-1,0.13043478260869568,-0.2760869565217392,m2-4f41a561bd2dc413a713
300394,天孚通信,730000,通信,0.6999440044796413,0.6626736105417677,-0.03727039393787368,116.647104,42.736824,-0.8,0.8,-0.8,-0.15999999999999992,m2-4f41a561bd2dc413a713
002625,光启技术,650000,国防军工,0.1849852011839052,0.1463908777939753,-0.03859432338992991,90.6365,6.845983,-0.22222222222222227,-1,-0.7777777777777777,-0.6722222222222223,m2-4f41a561bd2dc413a713
600176,中国巨石,610000,建筑材料,0.6189504839612828,0.5778460679741179,-0.041104415987164966,88.799898,9.382622,-1,1,-1,-0.19999999999999996,m2-4f41a561bd2dc413a713
300014,亿纬锂能,630000,电力设备,0.34997200223982067,0.3073187235855678,-0.04265327865425289,32.988763,3.245771,0,-0.5,-0.7,-0.375,m2-4f41a561bd2dc413a713
300274,阳光电源,630000,电力设备,0.8159347252219818,0.7724880945744035,-0.043446630647578366,24.49114,7.073072,-0.09999999999999998,0,-0.5,-0.15999999999999998,m2-4f41a561bd2dc413a713
000988,华工科技,640000,机械设备,0.655947524198064,0.6100092629341803,-0.04593826126388367,126.207862,16.787811,-0.7777777777777778,0.7777777777777777,-1,-0.21111111111111108,m2-4f41a561bd2dc413a713
688041,海光信息,270000,电子,1.2169026477881766,1.1676853880461264,-0.04921725974205016,315.727677,36.629722,-0.7297297297297297,0.08108108108108114,0.4054054054054054,-0.1216216216216216,m2-4f41a561bd2dc413a713
600160,巨化股份,220000,基础化工,0.2529797616190704,0.2017625943770516,-0.051217167242018774,36.145027,7.003505,-0.8571428571428572,-0.4285714285714286,-0.7142857142857142,-0.6499999999999999,m2-4f41a561bd2dc413a713
688981,中芯国际,270000,电子,1.1439084873210137,1.0914312320357413,-0.05247725528527236,252.472052,8.437955,-0.18918918918918914,-0.5675675675675675,0.6216216216216216,-0.13783783783783785,m2-4f41a561bd2dc413a713
688008,澜起科技,270000,电子,1.2558995280377565,1.2022585078397563,-0.05364102019800021,169.42426,29.307329,-0.5945945945945945,0.6216216216216217,-0.6756756756756757,-0.1283783783783783,m2-4f41a561bd2dc413a713
603993,洛阳钼业,240000,有色金属,0.5419566434685223,0.4876138487792524,-0.054342794689269946,18.460826,4.554723,-0.11111111111111105,-0.11111111111111116,-0.8888888888888888,-0.3055555555555555,m2-4f41a561bd2dc413a713
601166,兴业银行,480000,银行,0.9909207263418922,0.9343098055428181,-0.05661092079907415,4.523835,0.427854,0.608695652173913,-0.8260869565217391,-0.21739130434782616,-0.1717391304347827,m2-4f41a561bd2dc413a713
002714,牧原股份,110000,农林牧渔,0.33797296216302686,0.2807828152287862,-0.05719014693424068,13.043101,2.634557,0.3333333333333333,-1,-1,-0.5333333333333334,m2-4f41a561bd2dc413a713
002837,英维克,640000,机械设备,0.21498280137588985,0.15770546679402128,-0.057277334581868566,155.7078,23.451095,-1,-1,-0.5555555555555556,-0.8888888888888888,m2-4f41a561bd2dc413a713
600900,长江电力,410000,公用事业,1.1449084073274134,1.0861600059715395,-0.05874840135587389,18.95612,2.929247,-0.5833333333333333,-0.5,1,-0.15416666666666667,m2-4f41a561bd2dc413a713
300476,胜宏科技,270000,电子,0.7479401647868167,0.6884316441228577,-0.05950852066395895,70.102238,18.190345,0.02702702702702703,-0.4054054054054054,-0.3513513513513513,-0.24054054054054053,m2-4f41a561bd2dc413a713
601318,中国平安,490000,非银金融,1.7988560915126783,1.738043612766869,-0.060812478745809306,6.413946,0.864096,0.8076923076923077,-0.7692307692307692,-0.3076923076923077,-0.10192307692307695,m2-4f41a561bd2dc413a713
601398,工商银行,480000,银行,0.8089352851771856,0.7426775961116023,-0.06625768906558327,6.836821,0.652863,-0.47826086956521735,0.04347826086956519,-0.3913043478260869,-0.24782608695652172,m2-4f41a561bd2dc413a713
603986,兆易创新,270000,电子,1.9248460123190136,1.849618795231381,-0.07522721708763269,346.717623,30.061291,-0.7567567567567568,0.8918918918918919,-0.8378378378378379,-0.11756756756756759,m2-4f41a561bd2dc413a713
002050,三花智控,330000,家用电器,0.3469722422206222,0.2687711718766998,-0.07820107034392237,45.395565,5.809244,-1,-0.33333333333333337,-1,-0.7333333333333334,m2-4f41a561bd2dc413a713
600036,招商银行,480000,银行,1.5538756899448039,1.4617629243519614,-0.09211276559284243,5.961503,0.817318,-0.6521739130434783,-0.3913043478260869,0.8260869565217391,-0.1782608695652174,m2-4f41a561bd2dc413a713
600276,恒瑞医药,370000,医药生物,0.8219342452603787,0.7015240181216021,-0.12041022713877658,44.792819,5.63715,-0.75,-0.25,-0.375,-0.45624999999999993,m2-4f41a561bd2dc413a713
688256,寒武纪,270000,电子,1.771858251339892,1.6301123391301922,-0.1417459122096998,326.733901,56.844363,-0.8108108108108107,0.18918918918918926,-0.1351351351351351,-0.24189189189189178,m2-4f41a561bd2dc413a713
601288,农业银行,480000,银行,0.6169506439484839,0.4751218350750311,-0.14182880887345278,7.299305,0.767711,-0.6956521739130435,-0.9130434782608696,-0.5652173913043479,-0.75,m2-4f41a561bd2dc413a713
601899,紫金矿业,240000,有色金属,1.4648828093752495,1.3077855178124562,-0.15709729156279328,12.910875,3.634359,0.1111111111111111,-0.7777777777777778,-0.22222222222222232,-0.32777777777777783,m2-4f41a561bd2dc413a713
300059,东方财富,490000,非银金融,0.9119270458363328,0.7268129507931329,-0.18511409504319987,26.652634,3.505683,-0.8846153846153846,-0.23076923076923073,-1,-0.6519230769230768,m2-4f41a561bd2dc413a713
300502,新易盛,730000,通信,2.9917606591472667,2.7979704141150683,-0.19379024503219844,80.246979,41.542507,-0.5,0.19999999999999996,-0.3999999999999999,-0.19499999999999998,m2-4f41a561bd2dc413a713
300308,中际旭创,730000,通信,5.007599392048634,4.740956345133104,-0.2666430469155303,130.692511,47.408463,-1,0.6000000000000001,-0.19999999999999996,-0.15999999999999992,m2-4f41a561bd2dc413a713
